Channel,Label,percentil 10th,percentile 50th,percentile 90th
Green,PP_FITC,157.77749999999997,165.11149999999998,172.4455
