Channel,Label,percentil 10th,percentile 50th,percentile 90th
Green,PE_FITC,161.32299999999998,186.52100000000002,220.06150000000002
