Channel,Label,percentil 10th,percentile 50th,percentile 90th
Red,PP_FITC,0.043800000000000006,0.05500000000000001,0.06620000000000001
