Channel,Label,percentil 10th,percentile 50th,percentile 90th
Red,PE100_nilre,55.602500000000006,63.540499999999994,73.8985
