Channel,Label,percentil 10th,percentile 50th,percentile 90th
Red,pet_rhodb,106.05250000000001,133.05200000000002,163.5695
