 ,Label,Area1,Channel,Mean1,StdDev1,Mode1,Min1,Max1,X1,Y1,Perim.1,BX1,BY1,Width1,Height1,Circ.1,Feret1,IntDen1,%Area1,RawIntDen1,FeretX1,FeretY1,FeretAngle1,MinFeret1,AR1,Round1,Solidity1,MinThr1,MaxThr1
105,pe_rhodb,23758760,B,0,0,0,0,0,9490.956,5401.728,1706078.125,0,0,24636.363,21500,0.000103,32483.949,0,0,0,11,6,138.835,21500,2.968,0.337,0.045,0,255
104,pe_rhodb,23758760,G,7.249,12.081,1,1,82,9490.956,5401.728,1706078.125,0,0,24636.363,21500,0.000103,32483.949,172226112,100,2083936,11,6,138.835,21500,2.968,0.337,0.045,0,255
103,pe_rhodb,23758760,R,9.062,15.681,1,1,106,9490.956,5401.728,1706078.125,0,0,24636.363,21500,0.000103,32483.949,215312720,100,2605284,11,6,138.835,21500,2.968,0.337,0.045,0,255
