 ,Label,Area1,Channel,Mean1,StdDev1,Mode1,Min1,Max1,X1,Y1,Perim.1,BX1,BY1,Width1,Height1,Circ.1,Feret1,IntDen1,%Area1,RawIntDen1,FeretX1,FeretY1,FeretAngle1,MinFeret1,AR1,Round1,Solidity1,MinThr1,MaxThr1
111,pe_nilre,7410082.5,B,0,0,0,0,0,7291.994,5155.448,26522.922,0,0,15609.091,18536.363,0.132,22268.861,0,0,0,119,2038,54.571,8790.825,11.352,0.088,0.053,0,255
114,pe_nilre,33903720,B,0,0,0,0,0,12983.973,12061.316,1365453.875,0,0,20663.637,21363.637,0.000229,26221.477,0,0,0,133,388,137.867,20663.637,1.917,0.522,0.094,0,255
110,pe_nilre,7410082.5,G,0,0,0,0,0,7291.994,5155.448,26522.922,0,0,15609.091,18536.363,0.132,22268.861,0,0,0,119,2038,54.571,8790.825,11.352,0.088,0.053,0,255
113,pe_nilre,33903720,G,0,0,0,0,0,12983.973,12061.316,1365453.875,0,0,20663.637,21363.637,0.000229,26221.477,0,0,0,133,388,137.867,20663.637,1.917,0.522,0.094,0,255
109,pe_nilre,7410082.5,R,50.521,23.015,8,8,162,7291.994,5155.448,26522.922,0,0,15609.091,18536.363,0.132,22268.861,374361312,100,4529772,119,2038,54.571,8790.825,11.352,0.088,0.053,0,255
112,pe_nilre,33903720,R,11.042,18.366,2,2,173,12983.973,12061.316,1365453.875,0,0,20663.637,21363.637,0.000229,26221.477,374368352,100,4529857,133,388,137.867,20663.637,1.917,0.522,0.094,0,255
