 ,Label,Area1,Channel,Mean1,StdDev1,Mode1,Min1,Max1,X1,Y1,Perim.1,BX1,BY1,Width1,Height1,Circ.1,Feret1,IntDen1,%Area1,RawIntDen1,FeretX1,FeretY1,FeretAngle1,MinFeret1,AR1,Round1,Solidity1,MinThr1,MaxThr1
12,PVC_rhodb,931961344,B,0,0,0,0,0,22291.855,19801.955,4240051.5,0,0,41200,43427.273,0.000651,53791.133,0,0,0,198,331,136.233,39775.305,1.2,0.833,0.584,0,255
11,PVC_rhodb,931961344,G,26.859,19.6,13,0,196,22291.855,19801.955,4240051.5,0,0,41200,43427.273,0.000651,53791.133,25031976960,99.985,302886912,198,331,136.233,39775.305,1.2,0.833,0.584,0,255
10,PVC_rhodb,931961344,R,34.556,25.506,13,13,255,22291.855,19801.955,4240051.5,0,0,41200,43427.273,0.000651,53791.133,32204593152,100,389675584,198,331,136.233,39775.305,1.2,0.833,0.584,0,255
