 ,Label,Area1,Channel,Mean1,StdDev1,Mode1,Min1,Max1,X1,Y1,Perim.1,BX1,BY1,Width1,Height1,Circ.1,Feret1,IntDen1,%Area1,RawIntDen1,FeretX1,FeretY1,FeretAngle1,MinFeret1,AR1,Round1,Solidity1,MinThr1,MaxThr1
117,pe_nilre,30874546,B,0,0,0,0,0,10660.99,13994.009,1107530.125,0,0,24472.727,21245.455,0.000316,29796.377,0,0,0,68,2,143.186,21225.139,1.22,0.819,0.07,0,255
120,pe_nilre,16794462,B,0,0,0,0,0,16969.766,7214.809,604569.625,0,0,24618.182,21027.273,0.000577,27948.484,0,0,0,360,218,137.043,20838.061,3.073,0.325,0.041,0,255
116,pe_nilre,30874546,G,0,0,0,0,0,10660.99,13994.009,1107530.125,0,0,24472.727,21245.455,0.000316,29796.377,0,0,0,68,2,143.186,21225.139,1.22,0.819,0.07,0,255
119,pe_nilre,16794462,G,0,0,0,0,0,16969.766,7214.809,604569.625,0,0,24618.182,21027.273,0.000577,27948.484,0,0,0,360,218,137.043,20838.061,3.073,0.325,0.041,0,255
115,pe_nilre,30874546,R,11.482,16.448,2,2,142,10660.99,13994.009,1107530.125,0,0,24472.727,21245.455,0.000316,29796.377,354510752,100,4289580,68,2,143.186,21225.139,1.22,0.819,0.07,0,255
118,pe_nilre,16794462,R,8.785,10.026,2,2,62,16969.766,7214.809,604569.625,0,0,24618.182,21027.273,0.000577,27948.484,147545200,100,1785297,360,218,137.043,20838.061,3.073,0.325,0.041,0,255
