 ,Label,Area1,Channel,Mean1,StdDev1,Mode1,Min1,Max1,X1,Y1,Perim.1,BX1,BY1,Width1,Height1,Circ.1,Feret1,IntDen1,%Area1,RawIntDen1,FeretX1,FeretY1,FeretAngle1,MinFeret1,AR1,Round1,Solidity1,MinThr1,MaxThr1
123,pe_nilre,37533552,B,0,0,0,0,0,7493.936,9348.471,1387935.75,0,0,24690.908,21190.908,0.000245,28791.947,0,0,0,40,2124,32.335,21190.604,1.578,0.634,0.085,0,255
126,pe_nilre,11657851,B,0,0,0,0,0,6086.358,6663.806,29192.621,0,0,9345.454,14181.818,0.172,14909.19,0,0,0,456,1560,72.029,7475.319,2.008,0.498,0.149,0,255
122,pe_nilre,37533552,G,0,0,0,0,0,7493.936,9348.471,1387935.75,0,0,24690.908,21190.908,0.000245,28791.947,0,0,0,40,2124,32.335,21190.604,1.578,0.634,0.085,0,255
125,pe_nilre,11657851,G,0,0,0,0,0,6086.358,6663.806,29192.621,0,0,9345.454,14181.818,0.172,14909.19,0,0,0,456,1560,72.029,7475.319,2.008,0.498,0.149,0,255
121,pe_nilre,37533552,R,11.696,19.628,2,2,162,7493.936,9348.471,1387935.75,0,0,24690.908,21190.908,0.000245,28791.947,438992384,100,5311808,40,2124,32.335,21190.604,1.578,0.634,0.085,0,255
124,pe_nilre,11657851,R,60.309,24.306,52,11,227,6086.358,6663.806,29192.621,0,0,9345.454,14181.818,0.172,14909.19,703076928,100,8507231,456,1560,72.029,7475.319,2.008,0.498,0.149,0,255
