 ,Label,Area1,Channel,Mean1,StdDev1,Mode1,Min1,Max1,X1,Y1,Perim.1,BX1,BY1,Width1,Height1,Circ.1,Feret1,IntDen1,%Area1,RawIntDen1,FeretX1,FeretY1,FeretAngle1,MinFeret1,AR1,Round1,Solidity1,MinThr1,MaxThr1
15,OM_DAPI,99935208,B,15.801,5.687,11,0,254,28321.438,18651.621,1633164.75,0,0,49345.453,43236.363,0.000471,61696.457,1579076992,99.979,19106832,346,4738,42.856,43097.344,1.636,0.611,0.049,0,255
18,OM_DAPI,13502975,B,23.046,28.26,14,14,254,42010.199,16779.828,423600.875,0,0,49072.727,42981.816,0.000946,61703.121,311195616,100,3765467,327,4716,42.851,42882.711,1.379,0.725,0.007,0,255
14,OM_DAPI,99935208,G,10.081,3.553,8,0,159,28321.438,18651.621,1633164.75,0,0,49345.453,43236.363,0.000471,61696.457,1007418752,99.975,12189767,346,4738,42.856,43097.344,1.636,0.611,0.049,0,255
17,OM_DAPI,13502975,G,14.646,17.65,9,9,159,42010.199,16779.828,423600.875,0,0,49072.727,42981.816,0.000946,61703.121,197765536,100,2392963,327,4716,42.851,42882.711,1.379,0.725,0.007,0,255
13,OM_DAPI,99935208,R,0.205,5.871,0,0,255,28321.438,18651.621,1633164.75,0,0,49345.453,43236.363,0.000471,61696.457,20447934,0.142,247420,346,4738,42.856,43097.344,1.636,0.611,0.049,0,255
16,OM_DAPI,13502975,R,0,0,0,0,0,42010.199,16779.828,423600.875,0,0,49072.727,42981.816,0.000946,61703.121,0,0,0,327,4716,42.851,42882.711,1.379,0.725,0.007,0,255
