 ,Label,Area1,Channel,Mean1,StdDev1,Mode1,Min1,Max1,X1,Y1,Perim.1,BX1,BY1,Width1,Height1,Circ.1,Feret1,IntDen1,%Area1,RawIntDen1,FeretX1,FeretY1,FeretAngle1,MinFeret1,AR1,Round1,Solidity1,MinThr1,MaxThr1
15,PSf_DAPI,32325868,B,23.227,30.438,9,9,254,7010.354,11417.091,548469.438,0,0,15518.182,14445.454,0.001,20400.447,750823808,100,9084968,0,1589,40.79,14445.454,1.483,0.675,0.15,0,255
18,PSf_DAPI,81629336,B,163.406,64.895,254,68,254,8616.438,8469.854,1343408,0,0,16409.092,14500,0.000568,21601.387,13338717184,100,161398480,4,1575,40.716,14500,1.312,0.762,0.356,0,255
14,PSf_DAPI,32325868,G,14.689,19.032,6,6,159,7010.354,11417.091,548469.438,0,0,15518.182,14445.454,0.001,20400.447,474850592,100,5745692,0,1589,40.79,14445.454,1.483,0.675,0.15,0,255
17,PSf_DAPI,81629336,G,102.33,40.574,159,43,159,8616.438,8469.854,1343408,0,0,16409.092,14500,0.000568,21601.387,8353105920,100,101072584,4,1575,40.716,14500,1.312,0.762,0.356,0,255
13,PSf_DAPI,32325868,R,0,0,0,0,0,7010.354,11417.091,548469.438,0,0,15518.182,14445.454,0.001,20400.447,0,0,0,0,1589,40.79,14445.454,1.483,0.675,0.15,0,255
16,PSf_DAPI,81629336,R,0,0,0,0,0,8616.438,8469.854,1343408,0,0,16409.092,14500,0.000568,21601.387,0,0,0,4,1575,40.716,14500,1.312,0.762,0.356,0,255
