 ,Label,Area1,Channel,Mean1,StdDev1,Mode1,Min1,Max1,X1,Y1,Perim.1,BX1,BY1,Width1,Height1,Circ.1,Feret1,IntDen1,%Area1,RawIntDen1,FeretX1,FeretY1,FeretAngle1,MinFeret1,AR1,Round1,Solidity1,MinThr1,MaxThr1
15,PVC_rhodb,639679360,B,0,0,0,0,0,24978.809,18348.516,3283096.25,0,0,43927.273,40136.363,0.000746,52956.195,0,0,0,464,561,138.577,39386.07,1.06,0.943,0.442,0,255
14,PVC_rhodb,639679360,G,24.115,21.455,10,0,196,24978.809,18348.516,3283096.25,0,0,43927.273,40136.363,0.000746,52956.195,15426045952,99.981,186655152,464,561,138.577,39386.07,1.06,0.943,0.442,0,255
13,PVC_rhodb,639679360,R,30.956,27.97,10,10,255,24978.809,18348.516,3283096.25,0,0,43927.273,40136.363,0.000746,52956.195,19802228736,100,239606976,464,561,138.577,39386.07,1.06,0.943,0.442,0,255
