 ,Label,Area1,Channel,Mean1,StdDev1,Mode1,Min1,Max1,X1,Y1,Perim.1,BX1,BY1,Width1,Height1,Circ.1,Feret1,IntDen1,%Area1,RawIntDen1,FeretX1,FeretY1,FeretAngle1,MinFeret1,AR1,Round1,Solidity1,MinThr1,MaxThr1
15,PA6_nilre,8006198.5,B,0,0,0,0,0,4030.295,9399.205,607038.625,0,0,16427.273,12690.909,0.000273,18716.348,0,0,0,100,222,146.009,12690.909,2.781,0.36,0.052,0,255
18,PA6_nilre,28577934,B,0,0,0,0,0,11027.29,5621.471,2942847.5,0,0,16445.455,14545.454,4.15E-05,21746.08,0,0,0,2,1575,41.085,14545.454,1.146,0.872,0.12,0,255
14,PA6_nilre,8006198.5,G,0,0,0,0,0,4030.295,9399.205,607038.625,0,0,16427.273,12690.909,0.000273,18716.348,0,0,0,100,222,146.009,12690.909,2.781,0.36,0.052,0,255
17,PA6_nilre,28577934,G,0,0,0,0,0,11027.29,5621.471,2942847.5,0,0,16445.455,14545.454,4.15E-05,21746.08,0,0,0,2,1575,41.085,14545.454,1.146,0.872,0.12,0,255
13,PA6_nilre,8006198.5,R,4.646,6.58,2,2,115,4030.295,9399.205,607038.625,0,0,16427.273,12690.909,0.000273,18716.348,37197192,100,450086,100,222,146.009,12690.909,2.781,0.36,0.052,0,255
16,PA6_nilre,28577934,R,3.82,5.363,2,2,145,11027.29,5621.471,2942847.5,0,0,16445.455,14545.454,4.15E-05,21746.08,109168512,100,1320939,2,1575,41.085,14545.454,1.146,0.872,0.12,0,255
