 ,Label,Area1,Channel,Mean1,StdDev1,Mode1,Min1,Max1,X1,Y1,Perim.1,BX1,BY1,Width1,Height1,Circ.1,Feret1,IntDen1,%Area1,RawIntDen1,FeretX1,FeretY1,FeretAngle1,MinFeret1,AR1,Round1,Solidity1,MinThr1,MaxThr1
15,PETmono_rhodb,33932644,B,0,0,0,0,0,15387.763,8760.38,2202577.75,0,0,24727.273,21754.545,8.79E-05,32593.525,0,0,0,26,2379,41.336,21754.545,1.377,0.726,0.063,0,255
18,PETmono_rhodb,25888100,B,0,0,0,0,0,8793.73,7987.305,1794803.375,0,0,24863.637,21636.363,0.000101,32802.973,0,0,0,2,5,139.237,21626.941,1.154,0.867,0.048,0,255
14,PETmono_rhodb,33932644,G,3.274,5.015,1,1,115,15387.763,8760.38,2202577.75,0,0,24727.273,21754.545,8.79E-05,32593.525,111104136,100,1344360,26,2379,41.336,21754.545,1.377,0.726,0.063,0,255
17,PETmono_rhodb,25888100,G,2.951,3.744,1,0,63,8793.73,7987.305,1794803.375,0,0,24863.637,21636.363,0.000101,32802.973,76390664,99.446,924327,2,5,139.237,21626.941,1.154,0.867,0.048,0,255
13,PETmono_rhodb,33932644,R,3.917,6.502,1,1,149,15387.763,8760.38,2202577.75,0,0,24727.273,21754.545,8.79E-05,32593.525,132914136,100,1608261,26,2379,41.336,21754.545,1.377,0.726,0.063,0,255
16,PETmono_rhodb,25888100,R,4.286,12.269,1,1,255,8793.73,7987.305,1794803.375,0,0,24863.637,21636.363,0.000101,32802.973,110952896,100,1342530,2,5,139.237,21626.941,1.154,0.867,0.048,0,255
