 ,Label,Area1,Channel,Mean1,StdDev1,Mode1,Min1,Max1,X1,Y1,Perim.1,BX1,BY1,Width1,Height1,Circ.1,Feret1,IntDen1,%Area1,RawIntDen1,FeretX1,FeretY1,FeretAngle1,MinFeret1,AR1,Round1,Solidity1,MinThr1,MaxThr1
15,PVC_nilre,734725184,B,0,0,0,0,0,29588.141,22523.029,33598132,0,0,49445.453,43236.363,8.18E-06,65682.844,0,0,0,0,0,138.833,43236.363,1.18,0.847,0.344,0,255
18,PVC_nilre,1022797760,B,0,0,0,0,0,25153.162,27472.307,4772944,0,0,49745.453,43472.727,0.000564,66064.273,0,0,0,0,0,138.85,43472.727,1.356,0.738,0.473,0,255
14,PVC_nilre,734725184,G,0,0,0,0,0,29588.141,22523.029,33598132,0,0,49445.453,43236.363,8.18E-06,65682.844,0,0,0,0,0,138.833,43236.363,1.18,0.847,0.344,0,255
17,PVC_nilre,1022797760,G,0,0,0,0,0,25153.162,27472.307,4772944,0,0,49745.453,43472.727,0.000564,66064.273,0,0,0,0,0,138.85,43472.727,1.356,0.738,0.473,0,255
13,PVC_nilre,734725184,R,0.767,0.423,1,0,1,29588.141,22523.029,33598132,0,0,49445.453,43236.363,8.18E-06,65682.844,563715264,76.725,6820955,0,0,138.833,43236.363,1.18,0.847,0.344,0,255
16,PVC_nilre,1022797760,R,3.615,3.01,1,0,10,25153.162,27472.307,4772944,0,0,49745.453,43472.727,0.000564,66064.273,3697511168,86.575,44739884,0,0,138.85,43472.727,1.356,0.738,0.473,0,255
