 ,Label,Area1,Channel,Mean1,StdDev1,Mode1,Min1,Max1,X1,Y1,Perim.1,BX1,BY1,Width1,Height1,Circ.1,Feret1,IntDen1,%Area1,RawIntDen1,FeretX1,FeretY1,FeretAngle1,MinFeret1,AR1,Round1,Solidity1,MinThr1,MaxThr1
15,PA6_rhodb,8144545.5,B,0,0,0,0,0,4249.515,10815.592,674006,0,0,16427.273,14536.363,0.000225,21810.008,0,0,0,2,1596,41.638,14536.363,1.683,0.594,0.034,0,255
18,PA6_rhodb,20397108,B,0,0,0,0,0,10747.646,5331.604,1443260,0,0,16527.273,14545.454,0.000123,21856.066,0,0,0,11,1598,41.594,14545.454,1.187,0.843,0.085,0,255
14,PA6_rhodb,8144545.5,G,3.1,4.956,1,1,90,4249.515,10815.592,674006,0,0,16427.273,14536.363,0.000225,21810.008,25248760,100,305510,2,1596,41.638,14536.363,1.683,0.594,0.034,0,255
17,PA6_rhodb,20397108,G,3.179,4.821,1,1,107,10747.646,5331.604,1443260,0,0,16527.273,14545.454,0.000123,21856.066,64843472,100,784606,11,1598,41.594,14545.454,1.187,0.843,0.085,0,255
13,PA6_rhodb,8144545.5,R,3.688,6.425,1,1,116,4249.515,10815.592,674006,0,0,16427.273,14536.363,0.000225,21810.008,30038512,100,363466,2,1596,41.638,14536.363,1.683,0.594,0.034,0,255
16,PA6_rhodb,20397108,R,3.792,6.25,1,1,139,10747.646,5331.604,1443260,0,0,16527.273,14545.454,0.000123,21856.066,77337272,100,935781,11,1598,41.594,14545.454,1.187,0.843,0.085,0,255
