 ,Label,Area1,Channel,Mean1,StdDev1,Mode1,Min1,Max1,X1,Y1,Perim.1,BX1,BY1,Width1,Height1,Circ.1,Feret1,IntDen1,%Area1,RawIntDen1,FeretX1,FeretY1,FeretAngle1,MinFeret1,AR1,Round1,Solidity1,MinThr1,MaxThr1
18,PVC_rhodb,433063232,B,0,0,0,0,0,21810.844,21347.74,5761140,0,0,49254.547,43236.363,0.000164,55606.039,0,0,0,491,475,139.715,43208.07,1.35,0.741,0.243,0,255
17,PVC_rhodb,433063232,G,11.95,18.977,6,0,183,21810.844,21347.74,5761140,0,0,49254.547,43236.363,0.000164,55606.039,5175180800,99.969,62619688,491,475,139.715,43208.07,1.35,0.741,0.243,0,255
16,PVC_rhodb,433063232,R,15.217,24.784,5,5,255,21810.844,21347.74,5761140,0,0,49254.547,43236.363,0.000164,55606.039,6590088192,100,79740064,491,475,139.715,43208.07,1.35,0.741,0.243,0,255
