 ,Label,Area1,Channel,Mean1,StdDev1,Mode1,Min1,Max1,X1,Y1,Perim.1,BX1,BY1,Width1,Height1,Circ.1,Feret1,IntDen1,%Area1,RawIntDen1,FeretX1,FeretY1,FeretAngle1,MinFeret1,AR1,Round1,Solidity1,MinThr1,MaxThr1
21,OM_nilre,23984214,B,0,0,0,0,0,14841.486,10502.46,1162605.625,0,0,24318.182,21209.092,0.000223,30418.451,0,0,0,22,241,141.455,21205.67,1.37,0.73,0.048,0,255
24,OM_nilre,14287025,B,0,0,0,0,0,8369.566,10795.284,1120642.5,0,0,24436.363,21281.818,0.000143,28804.973,0,0,0,244,169,137.097,21281.818,1.214,0.824,0.032,0,255
20,OM_nilre,23984214,G,0,0,0,0,0,14841.486,10502.46,1162605.625,0,0,24318.182,21209.092,0.000223,30418.451,0,0,0,22,241,141.455,21205.67,1.37,0.73,0.048,0,255
23,OM_nilre,14287025,G,0,0,0,0,0,8369.566,10795.284,1120642.5,0,0,24436.363,21281.818,0.000143,28804.973,0,0,0,244,169,137.097,21281.818,1.214,0.824,0.032,0,255
19,OM_nilre,23984214,R,3.186,2.279,2,2,21,14841.486,10502.46,1162605.625,0,0,24318.182,21209.092,0.000223,30418.451,76422232,100,924709,22,241,141.455,21205.67,1.37,0.73,0.048,0,255
22,OM_nilre,14287025,R,2.432,1.202,2,2,16,8369.566,10795.284,1120642.5,0,0,24436.363,21281.818,0.000143,28804.973,34739752,100,420351,244,169,137.097,21281.818,1.214,0.824,0.032,0,255
