 ,Label,Area1,Channel,Mean1,StdDev1,Mode1,Min1,Max1,X1,Y1,Perim.1,BX1,BY1,Width1,Height1,Circ.1,Feret1,IntDen1,%Area1,RawIntDen1,FeretX1,FeretY1,FeretAngle1,MinFeret1,AR1,Round1,Solidity1,MinThr1,MaxThr1
21,PPS5_nilre,27221404,B,0,0,0,0,0,5782.571,7991.651,334635.25,0,0,14545.454,14472.728,0.003,18642.264,0,0,0,16,1592,49.529,14472.728,1.254,0.798,0.15,0,255
24,PPS5_nilre,76264960,B,0,0,0,0,0,12136.897,5823.269,2622126.5,0,0,16145.454,14472.728,0.000139,21239.533,0,0,0,0,21,139.252,14472.728,1.525,0.656,0.405,0,255
20,PPS5_nilre,27221404,G,0,0,0,0,0,5782.571,7991.651,334635.25,0,0,14545.454,14472.728,0.003,18642.264,0,0,0,16,1592,49.529,14472.728,1.254,0.798,0.15,0,255
23,PPS5_nilre,76264960,G,0,0,0,0,0,12136.897,5823.269,2622126.5,0,0,16145.454,14472.728,0.000139,21239.533,0,0,0,0,21,139.252,14472.728,1.525,0.656,0.405,0,255
19,PPS5_nilre,27221404,R,35.96,13.353,20,20,236,5782.571,7991.651,334635.25,0,0,14545.454,14472.728,0.003,18642.264,978894080,100,11844618,16,1592,49.529,14472.728,1.254,0.798,0.15,0,255
22,PPS5_nilre,76264960,R,7.774,11.379,2,2,116,12136.897,5823.269,2622126.5,0,0,16145.454,14472.728,0.000139,21239.533,592883584,100,7173891,0,21,139.252,14472.728,1.525,0.656,0.405,0,255
