 ,Label,Area1,Channel,Mean1,StdDev1,Mode1,Min1,Max1,X1,Y1,Perim.1,BX1,BY1,Width1,Height1,Circ.1,Feret1,IntDen1,%Area1,RawIntDen1,FeretX1,FeretY1,FeretAngle1,MinFeret1,AR1,Round1,Solidity1,MinThr1,MaxThr1
21,PA6_rhodb,42032560,B,0,0,0,0,0,9180.191,7365.891,2540855.5,0,0,16609.092,14545.454,8.18E-05,21956.66,0,0,0,2,1585,40.92,14545.454,1.297,0.771,0.174,0,255
24,PA6_rhodb,23667356,B,0,0,0,0,0,4083.631,6626.744,1626887.625,0,0,16481.818,14545.454,0.000112,21840.117,0,0,0,0,3,138.814,14545.454,1.313,0.762,0.099,0,255
20,PA6_rhodb,42032560,G,3.29,5.13,1,1,84,9180.191,7365.891,2540855.5,0,0,16609.092,14545.454,8.18E-05,21956.66,138303808,100,1673476,2,1585,40.92,14545.454,1.297,0.771,0.174,0,255
23,PA6_rhodb,23667356,G,3.468,6.042,1,1,116,4083.631,6626.744,1626887.625,0,0,16481.818,14545.454,0.000112,21840.117,82076696,100,993128,0,3,138.814,14545.454,1.313,0.762,0.099,0,255
19,PA6_rhodb,42032560,R,3.921,6.646,1,1,109,9180.191,7365.891,2540855.5,0,0,16609.092,14545.454,8.18E-05,21956.66,164805296,100,1994144,2,1585,40.92,14545.454,1.297,0.771,0.174,0,255
22,PA6_rhodb,23667356,R,4.142,7.828,1,1,151,4083.631,6626.744,1626887.625,0,0,16481.818,14545.454,0.000112,21840.117,98041736,100,1186305,0,3,138.814,14545.454,1.313,0.762,0.099,0,255
