 ,Label,Area1,Channel,Mean1,StdDev1,Mode1,Min1,Max1,X1,Y1,Perim.1,BX1,BY1,Width1,Height1,Circ.1,Feret1,IntDen1,%Area1,RawIntDen1,FeretX1,FeretY1,FeretAngle1,MinFeret1,AR1,Round1,Solidity1,MinThr1,MaxThr1
3,OM_nilre,77432560,B,0,0,0,0,0,21076.24,20019.238,4329586,0,0,48763.637,42809.09,5.19E-05,59860.441,0,0,0,22,249,140.886,42672.879,1.01,0.99,0.04,0,255
6,OM_nilre,20428760,B,0,0,0,0,0,18438.406,19598.229,794717.25,0,0,48600,43072.727,0.000407,53627.836,0,0,0,341,215,138.264,42974.988,3.159,0.317,0.011,0,255
2,OM_nilre,77432560,G,0,0,0,0,0,21076.24,20019.238,4329586,0,0,48763.637,42809.09,5.19E-05,59860.441,0,0,0,22,249,140.886,42672.879,1.01,0.99,0.04,0,255
5,OM_nilre,20428760,G,0,0,0,0,0,18438.406,19598.229,794717.25,0,0,48600,43072.727,0.000407,53627.836,0,0,0,341,215,138.264,42974.988,3.159,0.317,0.011,0,255
1,OM_nilre,77432560,R,3.331,6.948,2,2,255,21076.24,20019.238,4329586,0,0,48763.637,42809.09,5.19E-05,59860.441,257941904,100,3121097,22,249,140.886,42672.879,1.01,0.99,0.04,0,255
4,OM_nilre,20428760,R,2.6,1.053,2,2,28,18438.406,19598.229,794717.25,0,0,48600,43072.727,0.000407,53627.836,53121076,100,642765,341,215,138.264,42974.988,3.159,0.317,0.011,0,255
