 ,Label,Area1,Channel,Mean1,StdDev1,Mode1,Min1,Max1,X1,Y1,Perim.1,BX1,BY1,Width1,Height1,Circ.1,Feret1,IntDen1,%Area1,RawIntDen1,FeretX1,FeretY1,FeretAngle1,MinFeret1,AR1,Round1,Solidity1,MinThr1,MaxThr1
3,PP5_nilre,235048096,B,0,0,0,0,0,24619.281,24081.574,2189795.25,0,0,46163.637,43236.363,0.000616,55052.141,0,0,0,695,158,135.281,43214.395,1.129,0.886,0.142,0,255
6,PP5_nilre,59091652,B,0,0,0,0,0,11627.645,9634.367,2573360,0,0,16481.818,14063.637,0.000112,20878.844,0,0,0,4,1415,38.033,14062.145,1.272,0.786,0.283,0,255
2,PP5_nilre,235048096,G,0,0,0,0,0,24619.281,24081.574,2189795.25,0,0,46163.637,43236.363,0.000616,55052.141,0,0,0,695,158,135.281,43214.395,1.129,0.886,0.142,0,255
5,PP5_nilre,59091652,G,0,0,0,0,0,11627.645,9634.367,2573360,0,0,16481.818,14063.637,0.000112,20878.844,0,0,0,4,1415,38.033,14062.145,1.272,0.786,0.283,0,255
1,PP5_nilre,235048096,R,34.054,13.935,19,17,255,24619.281,24081.574,2189795.25,0,0,46163.637,43236.363,0.000616,55052.141,8004270080,100,96851672,695,158,135.281,43214.395,1.129,0.886,0.142,0,255
4,PP5_nilre,59091652,R,7.537,11.742,2,2,133,11627.645,9634.367,2573360,0,0,16481.818,14063.637,0.000112,20878.844,445344640,100,5388670,4,1415,38.033,14062.145,1.272,0.786,0.283,0,255
