 ,Label,Area1,Channel,Mean1,StdDev1,Mode1,Min1,Max1,X1,Y1,Perim.1,BX1,BY1,Width1,Height1,Circ.1,Feret1,IntDen1,%Area1,RawIntDen1,FeretX1,FeretY1,FeretAngle1,MinFeret1,AR1,Round1,Solidity1,MinThr1,MaxThr1
3,PsF_DAPI,527343552,B,127.537,72.326,254,0,254,21546.18,24750.723,4687376.5,0,0,48672.727,43390.91,0.000302,55002.461,67255709696,99.996,813794048,511,533,140.062,43271.473,1.169,0.855,0.298,0,255
6,PsF_DAPI,444677024,B,111.891,74.524,254,0,254,22662.201,20677.328,2482453.75,0,0,49218.184,42936.363,0.000907,56997.277,49755197440,99.996,602037888,22,831,144.812,42896.809,1.259,0.794,0.246,0,255
2,PsF_DAPI,527343552,G,79.908,45.213,159,0,159,21546.18,24750.723,4687376.5,0,0,48672.727,43390.91,0.000302,55002.461,42138988544,99.995,509881760,511,533,140.062,43271.473,1.169,0.855,0.298,0,255
5,PsF_DAPI,444677024,G,70.13,46.586,159,0,159,22662.201,20677.328,2482453.75,0,0,49218.184,42936.363,0.000907,56997.277,31185022976,99.995,377338784,22,831,144.812,42896.809,1.259,0.794,0.246,0,255
1,PsF_DAPI,527343552,R,0.038,2.554,0,0,255,21546.18,24750.723,4687376.5,0,0,48672.727,43390.91,0.000302,55002.461,20221074,0.025,244675,511,533,140.062,43271.473,1.169,0.855,0.298,0,255
4,PsF_DAPI,444677024,R,0.046,2.783,0,0,255,22662.201,20677.328,2482453.75,0,0,49218.184,42936.363,0.000907,56997.277,20317272,0.031,245839,22,831,144.812,42896.809,1.259,0.794,0.246,0,255
