 ,Label,Area1,Channel,Mean1,StdDev1,Mode1,Min1,Max1,X1,Y1,Perim.1,BX1,BY1,Width1,Height1,Circ.1,Feret1,IntDen1,%Area1,RawIntDen1,FeretX1,FeretY1,FeretAngle1,MinFeret1,AR1,Round1,Solidity1,MinThr1,MaxThr1
3,PVC_nilre,655731392,B,0,0,0,0,0,28923.191,26166.529,1226805.125,0,0,45000,39600,0.005,47023.402,0,0,0,0,3087,25.44,39151.473,1.544,0.647,0.46,0,255
6,PVC_nilre,592235072,B,0,0,0,0,0,17614.854,13514.066,3781655.25,0,0,46618.184,43227.273,0.00052,53283.754,0,0,0,576,722,140.907,43202.379,1.408,0.71,0.338,0,255
2,PVC_nilre,655731392,G,0,0,0,0,0,28923.191,26166.529,1226805.125,0,0,45000,39600,0.005,47023.402,0,0,0,0,3087,25.44,39151.473,1.544,0.647,0.46,0,255
5,PVC_nilre,592235072,G,0,0,0,0,0,17614.854,13514.066,3781655.25,0,0,46618.184,43227.273,0.00052,53283.754,0,0,0,576,722,140.907,43202.379,1.408,0.71,0.338,0,255
1,PVC_nilre,655731392,R,78.286,46.712,35,20,255,28923.191,26166.529,1226805.125,0,0,45000,39600,0.005,47023.402,51334549504,100,621148096,0,3087,25.44,39151.473,1.544,0.647,0.46,0,255
4,PVC_nilre,592235072,R,38.565,26.781,17,17,255,17614.854,13514.066,3781655.25,0,0,46618.184,43227.273,0.00052,53283.754,22839808000,100,276361664,576,722,140.907,43202.379,1.408,0.71,0.338,0,255
