 ,Label,Area1,Channel,Mean1,StdDev1,Mode1,Min1,Max1,X1,Y1,Perim.1,BX1,BY1,Width1,Height1,Circ.1,Feret1,IntDen1,%Area1,RawIntDen1,FeretX1,FeretY1,FeretAngle1,MinFeret1,AR1,Round1,Solidity1,MinThr1,MaxThr1
27,PA6_nilre,10835868,B,0,0,0,0,0,10626.822,5579.759,1130021.75,0,0,16027.272,14490.909,0.000107,21056.172,0,0,0,41,33,138.027,14490.909,1.584,0.631,0.056,0,255
30,PA6_nilre,33540662,B,0,0,0,0,0,8922.436,5328.587,3990073.25,0,0,16609.092,14454.546,2.65E-05,21942.926,0,0,0,0,1582,40.951,14454.546,1.517,0.659,0.14,0,255
26,PA6_nilre,10835868,G,0,0,0,0,0,10626.822,5579.759,1130021.75,0,0,16027.272,14490.909,0.000107,21056.172,0,0,0,41,33,138.027,14490.909,1.584,0.631,0.056,0,255
29,PA6_nilre,33540662,G,0,0,0,0,0,8922.436,5328.587,3990073.25,0,0,16609.092,14454.546,2.65E-05,21942.926,0,0,0,0,1582,40.951,14454.546,1.517,0.659,0.14,0,255
25,PA6_nilre,10835868,R,3.876,5.061,2,2,110,10626.822,5579.759,1130021.75,0,0,16027.272,14490.909,0.000107,21056.172,41998264,100,508179,41,33,138.027,14490.909,1.584,0.631,0.056,0,255
28,PA6_nilre,33540662,R,3.733,5.847,2,2,212,8922.436,5328.587,3990073.25,0,0,16609.092,14454.546,2.65E-05,21942.926,125203968,100,1514968,0,1582,40.951,14454.546,1.517,0.659,0.14,0,255
