 ,Label,Area1,Channel,Mean1,StdDev1,Mode1,Min1,Max1,X1,Y1,Perim.1,BX1,BY1,Width1,Height1,Circ.1,Feret1,IntDen1,%Area1,RawIntDen1,FeretX1,FeretY1,FeretAngle1,MinFeret1,AR1,Round1,Solidity1,MinThr1,MaxThr1
27,PE_nilre,11260000,B,0,0,0,0,0,6477.922,6044.447,30345.385,0,0,11990.909,10863.637,0.154,14866.152,0,0,0,80,1183,46.338,8563.168,1.584,0.631,0.119,0,255
30,PE_nilre,6270826.5,B,0,0,0,0,0,7675.175,5166.792,319465.312,0,0,11200,14463.637,0.000772,17960.041,0,0,0,12,1584,53.252,11193.991,6.14,0.163,0.044,0,255
26,PE_nilre,11260000,G,0,0,0,0,0,6477.922,6044.447,30345.385,0,0,11990.909,10863.637,0.154,14866.152,0,0,0,80,1183,46.338,8563.168,1.584,0.631,0.119,0,255
29,PE_nilre,6270826.5,G,0,0,0,0,0,7675.175,5166.792,319465.312,0,0,11200,14463.637,0.000772,17960.041,0,0,0,12,1584,53.252,11193.991,6.14,0.163,0.044,0,255
25,PE_nilre,11260000,R,84.043,37.367,52,20,254,6477.922,6044.447,30345.385,0,0,11990.909,10863.637,0.154,14866.152,946327104,100,11450558,80,1183,46.338,8563.168,1.584,0.631,0.119,0,255
28,PE_nilre,6270826.5,R,4.251,9.897,2,2,112,7675.175,5166.792,319465.312,0,0,11200,14463.637,0.000772,17960.041,26655124,100,322527,12,1584,53.252,11193.991,6.14,0.163,0.044,0,255
