 ,Label,Area1,Channel,Mean1,StdDev1,Mode1,Min1,Max1,X1,Y1,Perim.1,BX1,BY1,Width1,Height1,Circ.1,Feret1,IntDen1,%Area1,RawIntDen1,FeretX1,FeretY1,FeretAngle1,MinFeret1,AR1,Round1,Solidity1,MinThr1,MaxThr1
27,PA6_rhodb,8973554,B,0,0,0,0,0,10486.885,6149.114,737011,0,0,16409.092,14545.454,0.000208,21807.621,0,0,0,0,4,138.803,14545.454,1.574,0.635,0.038,0,255
30,PA6_rhodb,21095620,B,0,0,0,0,0,8947.658,5838.156,1474861.5,0,0,16609.092,14436.363,0.000122,21881.197,0,0,0,0,1584,41.092,14436.363,1.543,0.648,0.088,0,255
26,PA6_rhodb,8973554,G,2.831,4.28,1,1,96,10486.885,6149.114,737011,0,0,16409.092,14545.454,0.000208,21807.621,25400000,100,307340,0,4,138.803,14545.454,1.574,0.635,0.038,0,255
29,PA6_rhodb,21095620,G,3.332,5.883,1,1,172,8947.658,5838.156,1474861.5,0,0,16609.092,14436.363,0.000122,21881.197,70300912,100,850641,0,1584,41.092,14436.363,1.543,0.648,0.088,0,255
25,PA6_rhodb,8973554,R,3.346,5.55,1,1,124,10486.885,6149.114,737011,0,0,16409.092,14545.454,0.000208,21807.621,30022480,100,363272,0,4,138.803,14545.454,1.574,0.635,0.038,0,255
28,PA6_rhodb,21095620,R,3.997,7.636,1,1,223,8947.658,5838.156,1474861.5,0,0,16609.092,14436.363,0.000122,21881.197,84321984,100,1020296,0,1584,41.092,14436.363,1.543,0.648,0.088,0,255
