 ,Label,Area1,Channel,Mean1,StdDev1,Mode1,Min1,Max1,X1,Y1,Perim.1,BX1,BY1,Width1,Height1,Circ.1,Feret1,IntDen1,%Area1,RawIntDen1,FeretX1,FeretY1,FeretAngle1,MinFeret1,AR1,Round1,Solidity1,MinThr1,MaxThr1
27,PE_RHODB,11234959,B,0,0,0,0,0,6481.226,4584.975,30563.945,0,0,11981.818,9400,0.151,12658.871,0,0,0,3,278,160.797,8065.003,1.586,0.631,0.138,0,255
30,PE_RHODB,3661157,B,0,0,0,0,0,12351.432,6043.971,574810.5,0,0,16400,14463.637,0.000139,21696.463,0,0,0,7,1574,41.263,14463.637,2.243,0.446,0.015,0,255
26,PE_RHODB,11234959,G,19.711,10.197,10,5,76,6481.226,4584.975,30563.945,0,0,11981.818,9400,0.151,12658.871,221447856,100,2679519,3,278,160.797,8065.003,1.586,0.631,0.138,0,255
29,PE_RHODB,3661157,G,1.573,2.586,1,1,29,12351.432,6043.971,574810.5,0,0,16400,14463.637,0.000139,21696.463,5757768.5,100,69669,7,1574,41.263,14463.637,2.243,0.446,0.015,0,255
25,PE_RHODB,11234959,R,25.211,13.263,15,6,98,6481.226,4584.975,30563.945,0,0,11981.818,9400,0.151,12658.871,283240480,100,3427210,3,278,160.797,8065.003,1.586,0.631,0.138,0,255
28,PE_RHODB,3661157,R,1.723,3.34,1,1,37,12351.432,6043.971,574810.5,0,0,16400,14463.637,0.000139,21696.463,6309173.5,100,76341,7,1574,41.263,14463.637,2.243,0.446,0.015,0,255
