 ,Label,Area1,Channel,Mean1,StdDev1,Mode1,Min1,Max1,X1,Y1,Perim.1,BX1,BY1,Width1,Height1,Circ.1,Feret1,IntDen1,%Area1,RawIntDen1,FeretX1,FeretY1,FeretAngle1,MinFeret1,AR1,Round1,Solidity1,MinThr1,MaxThr1
33,OM_nilre,12240744,B,0,0,0,0,0,18033.502,8978.002,394837.375,0,0,24045.455,21081.818,0.000987,26882.652,0,0,0,341,168,140.874,21056.416,3.955,0.253,0.028,0,255
36,OM_nilre,161157.031,B,0,0,0,0,0,8610.299,8960.289,30510.898,0,0,24263.637,21500,0.002,31702.242,0,0,0,53,42,138.406,21489.998,1.539,0.65,0.000333,0,255
32,OM_nilre,12240744,G,0,0,0,0,0,18033.502,8978.002,394837.375,0,0,24045.455,21081.818,0.000987,26882.652,0,0,0,341,168,140.874,21056.416,3.955,0.253,0.028,0,255
35,OM_nilre,161157.031,G,0,0,0,0,0,8610.299,8960.289,30510.898,0,0,24263.637,21500,0.002,31702.242,0,0,0,53,42,138.406,21489.998,1.539,0.65,0.000333,0,255
31,OM_nilre,12240744,R,2.499,1.063,2,2,28,18033.502,8978.002,394837.375,0,0,24045.455,21081.818,0.000987,26882.652,30584132,100,370068,341,168,140.874,21056.416,3.955,0.253,0.028,0,255
34,OM_nilre,161157.031,R,2.246,0.814,2,2,10,8610.299,8960.289,30510.898,0,0,24263.637,21500,0.002,31702.242,361983.469,100,4380,53,42,138.406,21489.998,1.539,0.65,0.000333,0,255
