 ,Label,Area1,Channel,Mean1,StdDev1,Mode1,Min1,Max1,X1,Y1,Perim.1,BX1,BY1,Width1,Height1,Circ.1,Feret1,IntDen1,%Area1,RawIntDen1,FeretX1,FeretY1,FeretAngle1,MinFeret1,AR1,Round1,Solidity1,MinThr1,MaxThr1
33,OM_DAPI,51241820,B,10.914,10.029,9,9,254,5511.773,8609.264,1407646.5,0,0,24609.092,21354.545,0.000325,31413.217,559243200,100,6766843,13,2349,39.116,21354.545,1.335,0.749,0.099,0,255
36,OM_DAPI,239527024,B,9.095,6.161,7,7,254,10300.686,10800.834,7391831.5,0,0,24454.545,21527.273,5.51E-05,32373.77,2178479360,100,26359600,3,31,138.985,21527.273,1.277,0.783,0.463,0,255
32,OM_DAPI,51241820,G,6.96,6.276,6,6,159,5511.773,8609.264,1407646.5,0,0,24609.092,21354.545,0.000325,31413.217,356656128,100,4315539,13,2349,39.116,21354.545,1.335,0.749,0.099,0,255
35,OM_DAPI,239527024,G,5.991,3.805,5,5,159,10300.686,10800.834,7391831.5,0,0,24454.545,21527.273,5.51E-05,32373.77,1434975872,100,17363208,3,31,138.985,21527.273,1.277,0.783,0.463,0,255
31,OM_DAPI,51241820,R,0,0,0,0,0,5511.773,8609.264,1407646.5,0,0,24609.092,21354.545,0.000325,31413.217,0,0,0,13,2349,39.116,21354.545,1.335,0.749,0.099,0,255
34,OM_DAPI,239527024,R,0,0,0,0,0,10300.686,10800.834,7391831.5,0,0,24454.545,21527.273,5.51E-05,32373.77,0,0,0,3,31,138.985,21527.273,1.277,0.783,0.463,0,255
