 ,Label,Area1,Channel,Mean1,StdDev1,Mode1,Min1,Max1,X1,Y1,Perim.1,BX1,BY1,Width1,Height1,Circ.1,Feret1,IntDen1,%Area1,RawIntDen1,FeretX1,FeretY1,FeretAngle1,MinFeret1,AR1,Round1,Solidity1,MinThr1,MaxThr1
33,PA6_nilre,8823554,B,0,0,0,0,0,4163.66,2397.709,723743.625,0,0,13736.363,13572.728,0.000212,17809.02,0,0,0,35,1493,49.472,13399.912,1.399,0.715,0.055,0,255
36,PA6_nilre,4498925.5,B,0,0,0,0,0,8460.164,11540.605,486600.156,0,0,14400,13472.728,0.000239,19106.359,0,0,0,0,1415,42.32,13472.728,2.293,0.436,0.03,0,255
32,PA6_nilre,8823554,G,0,0,0,0,0,4163.66,2397.709,723743.625,0,0,13736.363,13572.728,0.000212,17809.02,0,0,0,35,1493,49.472,13399.912,1.399,0.715,0.055,0,255
35,PA6_nilre,4498925.5,G,0,0,0,0,0,8460.164,11540.605,486600.156,0,0,14400,13472.728,0.000239,19106.359,0,0,0,0,1415,42.32,13472.728,2.293,0.436,0.03,0,255
31,PA6_nilre,8823554,R,6.49,20.092,2,2,255,4163.66,2397.709,723743.625,0,0,13736.363,13572.728,0.000212,17809.02,57269092,100,692956,35,1493,49.472,13399.912,1.399,0.715,0.055,0,255
34,PA6_nilre,4498925.5,R,3.711,4.688,2,2,86,8460.164,11540.605,486600.156,0,0,14400,13472.728,0.000239,19106.359,16694545,100,202004,0,1415,42.32,13472.728,2.293,0.436,0.03,0,255
