 ,Label,Area1,Channel,Mean1,StdDev1,Mode1,Min1,Max1,X1,Y1,Perim.1,BX1,BY1,Width1,Height1,Circ.1,Feret1,IntDen1,%Area1,RawIntDen1,FeretX1,FeretY1,FeretAngle1,MinFeret1,AR1,Round1,Solidity1,MinThr1,MaxThr1
33,PA6_rhodb,7464380,B,0,0,0,0,0,4567.072,3395.565,621657.75,0,0,16609.092,14381.818,0.000243,21663.141,0,0,0,9,1573,41.308,14381.818,1.363,0.733,0.031,0,255
36,PA6_rhodb,4081074.5,B,0,0,0,0,0,9727.975,11944.061,384305.812,0,0,16572.727,14372.728,0.000347,21634.014,0,0,0,18,1567,41.184,14358.552,1.079,0.927,0.017,0,255
32,PA6_rhodb,7464380,G,3.062,4.811,1,0,78,4567.072,3395.565,621657.75,0,0,16609.092,14381.818,0.000243,21663.141,22858430,98.082,276587,9,1573,41.308,14381.818,1.363,0.733,0.031,0,255
35,PA6_rhodb,4081074.5,G,2.595,3.933,1,1,66,9727.975,11944.061,384305.812,0,0,16572.727,14372.728,0.000347,21634.014,10592066,100,128164,18,1567,41.184,14358.552,1.079,0.927,0.017,0,255
31,PA6_rhodb,7464380,R,6.375,21.754,1,1,255,4567.072,3395.565,621657.75,0,0,16609.092,14381.818,0.000243,21663.141,47586944,100,575802,9,1573,41.308,14381.818,1.363,0.733,0.031,0,255
34,PA6_rhodb,4081074.5,R,3.039,5.092,1,1,86,9727.975,11944.061,384305.812,0,0,16572.727,14372.728,0.000347,21634.014,12400413,100,150045,18,1567,41.184,14358.552,1.079,0.927,0.017,0,255
