 ,Label,Area1,Channel,Mean1,StdDev1,Mode1,Min1,Max1,X1,Y1,Perim.1,BX1,BY1,Width1,Height1,Circ.1,Feret1,IntDen1,%Area1,RawIntDen1,FeretX1,FeretY1,FeretAngle1,MinFeret1,AR1,Round1,Solidity1,MinThr1,MaxThr1
33,PP5_nilre,256106528,B,0.762,1.288,0,0,57,24700.938,24127.588,2351897.25,0,0,46254.547,43354.547,0.000582,55116.145,195263392,40.212,2362687,705,161,135.214,43322.609,1.125,0.889,0.155,0,255
32,PP5_nilre,256106528,G,0.631,1.051,0,0,50,24700.938,24127.588,2351897.25,0,0,46254.547,43354.547,0.000582,55116.145,161714960,40.505,1956751,705,161,135.214,43322.609,1.125,0.889,0.155,0,255
31,PP5_nilre,256106528,R,30.831,15.259,21,0,236,24700.938,24127.588,2351897.25,0,0,46254.547,43354.547,0.000582,55116.145,7896114176,99.642,95542984,705,161,135.214,43322.609,1.125,0.889,0.155,0,255
