 ,Label,Area1,Channel,Mean1,StdDev1,Mode1,Min1,Max1,X1,Y1,Perim.1,BX1,BY1,Width1,Height1,Circ.1,Feret1,IntDen1,%Area1,RawIntDen1,FeretX1,FeretY1,FeretAngle1,MinFeret1,AR1,Round1,Solidity1,MinThr1,MaxThr1
39,om_nilre,7705868,B,0,0,0,0,0,15820.548,13964.623,286144.875,0,0,21709.092,21572.727,0.001,28318.164,0,0,0,297,49,131.942,21568.334,1.472,0.679,0.018,0,255
42,om_nilre,321322.312,B,0,0,0,0,0,8845.469,11227.46,83326.953,0,0,24545.455,21436.363,0.000582,31883.893,0,0,0,28,2288,40.699,21436.152,1.918,0.521,0.000706,0,255
38,om_nilre,7705868,G,0,0,0,0,0,15820.548,13964.623,286144.875,0,0,21709.092,21572.727,0.001,28318.164,0,0,0,297,49,131.942,21568.334,1.472,0.679,0.018,0,255
41,om_nilre,321322.312,G,0,0,0,0,0,8845.469,11227.46,83326.953,0,0,24545.455,21436.363,0.000582,31883.893,0,0,0,28,2288,40.699,21436.152,1.918,0.521,0.000706,0,255
37,om_nilre,7705868,R,2.793,1.028,2,2,18,15820.548,13964.623,286144.875,0,0,21709.092,21572.727,0.001,28318.164,21520826,100,260402,297,49,131.942,21568.334,1.472,0.679,0.018,0,255
40,om_nilre,321322.312,R,2.038,0.38,2,2,13,8845.469,11227.46,83326.953,0,0,24545.455,21436.363,0.000582,31883.893,654793.375,100,7923,28,2288,40.699,21436.152,1.918,0.521,0.000706,0,255
