 ,Label,Area1,Channel,Mean1,StdDev1,Mode1,Min1,Max1,X1,Y1,Perim.1,BX1,BY1,Width1,Height1,Circ.1,Feret1,IntDen1,%Area1,RawIntDen1,FeretX1,FeretY1,FeretAngle1,MinFeret1,AR1,Round1,Solidity1,MinThr1,MaxThr1
39,pvc_nilre,258672224,B,0,0,0,0,0,10305.406,8793.035,2877140.5,0,0,24518.182,21645.455,0.000393,32627.184,0,0,0,8,0,138.524,20970.297,1.605,0.623,0.598,0,255
42,pvc_nilre,10333967,B,0,0,0,0,0,6858.967,7834.457,44609.105,0,0,21690.908,18572.727,0.065,24471.404,0,0,0,322,315,140.064,18156.326,2.129,0.47,0.034,0,255
38,pvc_nilre,258672224,G,0,0,0,0,0,10305.406,8793.035,2877140.5,0,0,24518.182,21645.455,0.000393,32627.184,0,0,0,8,0,138.524,20970.297,1.605,0.623,0.598,0,255
41,pvc_nilre,10333967,G,0,0,0,0,0,6858.967,7834.457,44609.105,0,0,21690.908,18572.727,0.065,24471.404,0,0,0,322,315,140.064,18156.326,2.129,0.47,0.034,0,255
37,pvc_nilre,258672224,R,15.098,9.353,8,8,131,10305.406,8793.035,2877140.5,0,0,24518.182,21645.455,0.000393,32627.184,3905334784,100,47254552,8,0,138.524,20970.297,1.605,0.623,0.598,0,255
40,pvc_nilre,10333967,R,99.331,35.046,125,32,255,6858.967,7834.457,44609.105,0,0,21690.908,18572.727,0.065,24471.404,1026482560,100,12420439,322,315,140.064,18156.326,2.129,0.47,0.034,0,255
