 ,Label,Area1,Channel,Mean1,StdDev1,Mode1,Min1,Max1,X1,Y1,Perim.1,BX1,BY1,Width1,Height1,Circ.1,Feret1,IntDen1,%Area1,RawIntDen1,FeretX1,FeretY1,FeretAngle1,MinFeret1,AR1,Round1,Solidity1,MinThr1,MaxThr1
39,pa6_rhodb,18519090,B,0,0,0,0,0,7058.939,8966.871,1135518,0,0,16572.727,14436.363,0.000181,21702.516,0,0,0,0,17,138.974,14436.363,1.356,0.737,0.078,0,255
42,pa6_rhodb,1600082.625,B,0,0,0,0,0,6024.277,10856.753,205535.125,0,0,16436.363,14500,0.000476,21733.254,0,0,0,6,14,138.918,14499.101,1.626,0.615,0.007,0,255
38,pa6_rhodb,18519090,G,3.14,4.779,1,1,96,7058.939,8966.871,1135518,0,0,16572.727,14436.363,0.000181,21702.516,58158924,100,703723,0,17,138.974,14436.363,1.356,0.737,0.078,0,255
41,pa6_rhodb,1600082.625,G,2.74,5.149,1,1,62,6024.277,10856.753,205535.125,0,0,16436.363,14500,0.000476,21733.254,4384049.5,100,53047,6,14,138.918,14499.101,1.626,0.615,0.007,0,255
37,pa6_rhodb,18519090,R,3.753,6.203,1,1,125,7058.939,8966.871,1135518,0,0,16572.727,14436.363,0.000181,21702.516,69500824,100,840960,0,17,138.974,14436.363,1.356,0.737,0.078,0,255
40,pa6_rhodb,1600082.625,R,3.24,6.675,1,1,80,6024.277,10856.753,205535.125,0,0,16436.363,14500,0.000476,21733.254,5184545.5,100,62733,6,14,138.918,14499.101,1.626,0.615,0.007,0,255
