 ,Label,Area1,Channel,Mean1,StdDev1,Mode1,Min1,Max1,X1,Y1,Perim.1,BX1,BY1,Width1,Height1,Circ.1,Feret1,IntDen1,%Area1,RawIntDen1,FeretX1,FeretY1,FeretAngle1,MinFeret1,AR1,Round1,Solidity1,MinThr1,MaxThr1
39,pe_rhodb,2144710.75,B,0,0,0,0,0,10876.797,4871.714,443738.844,0,0,16318.182,14463.637,0.000137,21599.395,0,0,0,11,4,138.447,14463.637,1.481,0.675,0.009,0,255
42,pe_rhodb,6839008.5,B,0,0,0,0,0,6967.223,8143.502,59510.762,0,0,16463.637,14427.272,0.024,19953.967,0,0,0,53,1565,45.48,14427.272,1.303,0.768,0.032,0,255
38,pe_rhodb,2144710.75,G,1.507,2.331,1,1,26,10876.797,4871.714,443738.844,0,0,16318.182,14463.637,0.000137,21599.395,3231735.5,100,39104,11,4,138.447,14463.637,1.481,0.675,0.009,0,255
41,pe_rhodb,6839008.5,G,15.565,9.645,3,3,66,6967.223,8143.502,59510.762,0,0,16463.637,14427.272,0.024,19953.967,106445784,100,1287994,53,1565,45.48,14427.272,1.303,0.768,0.032,0,255
37,pe_rhodb,2144710.75,R,1.637,3.002,1,1,33,10876.797,4871.714,443738.844,0,0,16318.182,14463.637,0.000137,21599.395,3510082.75,100,42472,11,4,138.447,14463.637,1.481,0.675,0.009,0,255
40,pe_rhodb,6839008.5,R,19.794,12.576,3,3,86,6967.223,8143.502,59510.762,0,0,16463.637,14427.272,0.024,19953.967,135373312,100,1638017,53,1565,45.48,14427.272,1.303,0.768,0.032,0,255
