 ,Label,Area1,Channel,Mean1,StdDev1,Mode1,Min1,Max1,X1,Y1,Perim.1,BX1,BY1,Width1,Height1,Circ.1,Feret1,IntDen1,%Area1,RawIntDen1,FeretX1,FeretY1,FeretAngle1,MinFeret1,AR1,Round1,Solidity1,MinThr1,MaxThr1
45,OM_nilre,27715620,B,0,0,0,0,0,17438.766,10773.805,1032729.125,0,0,24254.545,18900,0.000327,28807.271,0,0,0,0,1988,35.43,18900,1.636,0.611,0.073,0,255
48,OM_nilre,16345455,B,0,0,0,0,0,4929.155,10678.618,823426.062,0,0,24645.455,19609.092,0.000303,27355.838,0,0,0,1,2157,29.112,19609.092,2.075,0.482,0.039,0,255
44,OM_nilre,27715620,G,0,0,0,0,0,17438.766,10773.805,1032729.125,0,0,24254.545,18900,0.000327,28807.271,0,0,0,0,1988,35.43,18900,1.636,0.611,0.073,0,255
47,OM_nilre,16345455,G,0,0,0,0,0,4929.155,10678.618,823426.062,0,0,24645.455,19609.092,0.000303,27355.838,0,0,0,1,2157,29.112,19609.092,2.075,0.482,0.039,0,255
43,OM_nilre,27715620,R,2.862,1.649,2,2,15,17438.766,10773.805,1032729.125,0,0,24254.545,18900,0.000327,28807.271,79321904,100,959795,0,1988,35.43,18900,1.636,0.611,0.073,0,255
46,OM_nilre,16345455,R,3.494,3.955,2,2,28,4929.155,10678.618,823426.062,0,0,24645.455,19609.092,0.000303,27355.838,57104380,100,690963,1,2157,29.112,19609.092,2.075,0.482,0.039,0,255
