 ,Label,Area1,Channel,Mean1,StdDev1,Mode1,Min1,Max1,X1,Y1,Perim.1,BX1,BY1,Width1,Height1,Circ.1,Feret1,IntDen1,%Area1,RawIntDen1,FeretX1,FeretY1,FeretAngle1,MinFeret1,AR1,Round1,Solidity1,MinThr1,MaxThr1
51,om_nilre,13240331,B,0,0,0,0,0,19688.07,4717.388,490404.344,0,0,23809.092,19690.908,0.000692,27754.713,0,0,0,0,1569,30.925,19690.908,1.353,0.739,0.034,0,255
54,om_nilre,8439835,B,0,0,0,0,0,8261.803,7770.905,607277.812,0,0,24654.545,21427.273,0.000288,29970.336,0,0,0,195,2343,44.361,21427.273,2.067,0.484,0.018,0,255
50,om_nilre,13240331,G,0,0,0,0,0,19688.07,4717.388,490404.344,0,0,23809.092,19690.908,0.000692,27754.713,0,0,0,0,1569,30.925,19690.908,1.353,0.739,0.034,0,255
53,om_nilre,8439835,G,0,0,0,0,0,8261.803,7770.905,607277.812,0,0,24654.545,21427.273,0.000288,29970.336,0,0,0,195,2343,44.361,21427.273,2.067,0.484,0.018,0,255
49,om_nilre,13240331,R,3.744,2.093,2,2,15,19688.07,4717.388,490404.344,0,0,23809.092,19690.908,0.000692,27754.713,49573140,100,599835,0,1569,30.925,19690.908,1.353,0.739,0.034,0,255
52,om_nilre,8439835,R,4.882,19.807,2,2,255,8261.803,7770.905,607277.812,0,0,24654.545,21427.273,0.000288,29970.336,41205288,100,498584,195,2343,44.361,21427.273,2.067,0.484,0.018,0,255
