 ,Label,Area1,Channel,Mean1,StdDev1,Mode1,Min1,Max1,X1,Y1,Perim.1,BX1,BY1,Width1,Height1,Circ.1,Feret1,IntDen1,%Area1,RawIntDen1,FeretX1,FeretY1,FeretAngle1,MinFeret1,AR1,Round1,Solidity1,MinThr1,MaxThr1
51,pa6_nilre,14096777,B,0,0,0,0,0,3948.624,7119.21,941075.062,0,0,12918.182,14500,0.0002,19015.979,0,0,0,16,8,130.735,12910.855,1.864,0.536,0.078,0,255
54,pa6_nilre,6763636.5,B,0,0,0,0,0,9157.813,4206.894,607494.438,0,0,15681.818,14427.272,0.00023,20720.672,0,0,0,5,88,138.878,13724.944,1.703,0.587,0.042,0,255
50,pa6_nilre,14096777,G,0,0,0,0,0,3948.624,7119.21,941075.062,0,0,12918.182,14500,0.0002,19015.979,0,0,0,16,8,130.735,12910.855,1.864,0.536,0.078,0,255
53,pa6_nilre,6763636.5,G,0,0,0,0,0,9157.813,4206.894,607494.438,0,0,15681.818,14427.272,0.00023,20720.672,0,0,0,5,88,138.878,13724.944,1.703,0.587,0.042,0,255
49,pa6_nilre,14096777,R,4.813,5.44,2,2,78,3948.624,7119.21,941075.062,0,0,12918.182,14500,0.0002,19015.979,67846360,100,820941,16,8,130.735,12910.855,1.864,0.536,0.078,0,255
52,pa6_nilre,6763636.5,R,4.527,6.616,2,2,136,9157.813,4206.894,607494.438,0,0,15681.818,14427.272,0.00023,20720.672,30621652,100,370522,5,88,138.878,13724.944,1.703,0.587,0.042,0,255
