 ,Label,Area1,Channel,Mean1,StdDev1,Mode1,Min1,Max1,X1,Y1,Perim.1,BX1,BY1,Width1,Height1,Circ.1,Feret1,IntDen1,%Area1,RawIntDen1,FeretX1,FeretY1,FeretAngle1,MinFeret1,AR1,Round1,Solidity1,MinThr1,MaxThr1
51,pe_rhodb,29773966,B,0,0,0,0,0,9919.788,12733.237,1948263.125,0,0,24672.727,21690.908,9.86E-05,32559.408,0,0,0,20,13,138.611,21690.908,1.698,0.589,0.056,0,255
54,pe_rhodb,27916364,B,0,0,0,0,0,18015.354,8920.881,1828993.875,0,0,24663.637,21690.908,0.000105,32660.15,0,0,0,5,7,138.894,21690.908,1.267,0.79,0.052,0,255
50,pe_rhodb,29773966,G,4.797,3.795,1,1,35,9919.788,12733.237,1948263.125,0,0,24672.727,21690.908,9.86E-05,32559.408,142830240,100,1728246,20,13,138.611,21690.908,1.698,0.589,0.056,0,255
53,pe_rhodb,27916364,G,4.81,5.339,1,1,53,18015.354,8920.881,1828993.875,0,0,24663.637,21690.908,0.000105,32660.15,134279424,100,1624781,5,7,138.894,21690.908,1.267,0.79,0.052,0,255
49,pe_rhodb,29773966,R,5.897,4.894,1,1,45,9919.788,12733.237,1948263.125,0,0,24672.727,21690.908,9.86E-05,32559.408,175569920,100,2124396,20,13,138.611,21690.908,1.698,0.589,0.056,0,255
52,pe_rhodb,27916364,R,5.894,6.912,1,1,69,18015.354,8920.881,1828993.875,0,0,24663.637,21690.908,0.000105,32660.15,164545792,100,1991004,5,7,138.894,21690.908,1.267,0.79,0.052,0,255
