 ,Label,Area1,Channel,Mean1,StdDev1,Mode1,Min1,Max1,X1,Y1,Perim.1,BX1,BY1,Width1,Height1,Circ.1,Feret1,IntDen1,%Area1,RawIntDen1,FeretX1,FeretY1,FeretAngle1,MinFeret1,AR1,Round1,Solidity1,MinThr1,MaxThr1
51,pa6_rhodb,13334959,B,0,0,0,0,0,4634.253,7345.25,773875.562,0,0,16509.092,14500,0.00028,21806.91,0,0,0,5,22,139.023,14500,1.845,0.542,0.056,0,255
54,pa6_rhodb,6665206.5,B,0,0,0,0,0,8661.495,4729.474,531819.312,0,0,16400,14500,0.000296,21656.762,0,0,0,22,1581,41.58,14500,1.709,0.585,0.028,0,255
50,pa6_rhodb,13334959,G,3.536,4.247,1,1,61,4634.253,7345.25,773875.562,0,0,16509.092,14500,0.00028,21806.91,47149256,100,570506,5,22,139.023,14500,1.845,0.542,0.056,0,255
53,pa6_rhodb,6665206.5,G,3.049,4.696,1,1,83,8661.495,4729.474,531819.312,0,0,16400,14500,0.000296,21656.762,20320082,100,245873,22,1581,41.58,14500,1.709,0.585,0.028,0,255
49,pa6_rhodb,13334959,R,4.264,5.506,1,1,79,4634.253,7345.25,773875.562,0,0,16509.092,14500,0.00028,21806.91,56853720,100,687930,5,22,139.023,14500,1.845,0.542,0.056,0,255
52,pa6_rhodb,6665206.5,R,3.64,6.095,1,1,108,8661.495,4729.474,531819.312,0,0,16400,14500,0.000296,21656.762,24260826,100,293556,22,1581,41.58,14500,1.709,0.585,0.028,0,255
