 ,Label,Area1,Channel,Mean1,StdDev1,Mode1,Min1,Max1,X1,Y1,Perim.1,BX1,BY1,Width1,Height1,Circ.1,Feret1,IntDen1,%Area1,RawIntDen1,FeretX1,FeretY1,FeretAngle1,MinFeret1,AR1,Round1,Solidity1,MinThr1,MaxThr1
6,PVC_rhodb,744140608,B,0,0,0,0,0,18700.057,15168.291,5465216.5,0,0,46890.91,43281.816,0.000313,53290.809,0,0,0,577,728,140.913,43229.164,1.371,0.73,0.421,0,255
5,PVC_rhodb,744140608,G,23.008,17.87,10,0,196,18700.057,15168.291,5465216.5,0,0,46890.91,43281.816,0.000313,53290.809,17120891904,99.982,207162800,577,728,140.913,43229.164,1.371,0.73,0.421,0,255
4,PVC_rhodb,744140608,R,29.505,23.32,11,11,255,18700.057,15168.291,5465216.5,0,0,46890.91,43281.816,0.000313,53290.809,21955837952,100,265665632,577,728,140.913,43229.164,1.371,0.73,0.421,0,255
