 ,Label,Area1,Channel,Mean1,StdDev1,Mode1,Min1,Max1,X1,Y1,Perim.1,BX1,BY1,Width1,Height1,Circ.1,Feret1,IntDen1,%Area1,RawIntDen1,FeretX1,FeretY1,FeretAngle1,MinFeret1,AR1,Round1,Solidity1,MinThr1,MaxThr1
57,om_dapi,61105288,B,15.216,3.859,11,11,82,14248.378,13112.48,1022240.25,0,0,24227.273,21063.637,0.000735,27878.396,929776384,100,11250294,213,2299,48.45,21063.637,1.179,0.848,0.132,0,255
60,om_dapi,40455620,B,19.662,11.802,17,14,254,8442.497,11062.963,378083.156,0,0,24136.363,20136.363,0.004,28420.471,795436352,100,9624780,4,558,147.993,19907.16,4.07,0.246,0.103,0,255
56,om_dapi,61105288,G,9.713,2.418,8,7,51,14248.378,13112.48,1022240.25,0,0,24227.273,21063.637,0.000735,27878.396,593527680,100,7181685,213,2299,48.45,21063.637,1.179,0.848,0.132,0,255
59,om_dapi,40455620,G,12.502,7.375,11,9,159,8442.497,11062.963,378083.156,0,0,24136.363,20136.363,0.004,28420.471,505795136,100,6120121,4,558,147.993,19907.16,4.07,0.246,0.103,0,255
55,om_dapi,61105288,R,0,0,0,0,0,14248.378,13112.48,1022240.25,0,0,24227.273,21063.637,0.000735,27878.396,0,0,0,213,2299,48.45,21063.637,1.179,0.848,0.132,0,255
58,om_dapi,40455620,R,0,0,0,0,0,8442.497,11062.963,378083.156,0,0,24136.363,20136.363,0.004,28420.471,0,0,0,4,558,147.993,19907.16,4.07,0.246,0.103,0,255
