 ,Label,Area1,Channel,Mean1,StdDev1,Mode1,Min1,Max1,X1,Y1,Perim.1,BX1,BY1,Width1,Height1,Circ.1,Feret1,IntDen1,%Area1,RawIntDen1,FeretX1,FeretY1,FeretAngle1,MinFeret1,AR1,Round1,Solidity1,MinThr1,MaxThr1
57,om_nilre,131355864,B,0,0,0,0,0,16465.121,12983.1,4784723.5,0,0,24081.818,21300,7.21E-05,30543.871,0,0,0,3,2272,42.503,21300,1.316,0.76,0.307,0,255
60,om_nilre,70250912,B,0,0,0,0,0,7413.222,12787.456,2788831.5,0,0,24163.637,21309.092,0.000114,30676.396,0,0,0,74,0,139.086,21282.301,1.304,0.767,0.175,0,255
56,om_nilre,131355864,G,0,0,0,0,0,16465.121,12983.1,4784723.5,0,0,24081.818,21300,7.21E-05,30543.871,0,0,0,3,2272,42.503,21300,1.316,0.76,0.307,0,255
59,om_nilre,70250912,G,0,0,0,0,0,7413.222,12787.456,2788831.5,0,0,24163.637,21309.092,0.000114,30676.396,0,0,0,74,0,139.086,21282.301,1.304,0.767,0.175,0,255
55,om_nilre,131355864,R,9.794,8.684,2,2,41,16465.121,12983.1,4784723.5,0,0,24081.818,21300,7.21E-05,30543.871,1286510848,100,15566782,3,2272,42.503,21300,1.316,0.76,0.307,0,255
58,om_nilre,70250912,R,7.492,6.267,2,2,35,7413.222,12787.456,2788831.5,0,0,24163.637,21309.092,0.000114,30676.396,526328256,100,6368572,74,0,139.086,21282.301,1.304,0.767,0.175,0,255
