 ,Label,Area1,Channel,Mean1,StdDev1,Mode1,Min1,Max1,X1,Y1,Perim.1,BX1,BY1,Width1,Height1,Circ.1,Feret1,IntDen1,%Area1,RawIntDen1,FeretX1,FeretY1,FeretAngle1,MinFeret1,AR1,Round1,Solidity1,MinThr1,MaxThr1
57,pe_rhodb,25148678,B,0,0,0,0,0,8590.391,9297.306,1959873,0,0,24790.908,21581.818,8.23E-05,32677.225,0,0,0,0,2366,41.165,21565.113,1.339,0.747,0.047,0,255
60,pe_rhodb,19808430,B,0,0,0,0,0,17985.553,10546.364,1175407.25,0,0,24772.727,21700,0.00018,32568.621,0,0,0,17,2366,41.141,21681.453,1.22,0.819,0.037,0,255
56,pe_rhodb,25148678,G,3.466,3.447,1,1,106,8590.391,9297.306,1959873,0,0,24790.908,21581.818,8.23E-05,32677.225,87174880,100,1054816,0,2366,41.165,21565.113,1.339,0.747,0.047,0,255
59,pe_rhodb,19808430,G,3.89,4.763,1,1,53,17985.553,10546.364,1175407.25,0,0,24772.727,21700,0.00018,32568.621,77064544,100,932481,17,2366,41.141,21681.453,1.22,0.819,0.037,0,255
55,pe_rhodb,25148678,R,4.166,4.453,1,1,137,8590.391,9297.306,1959873,0,0,24790.908,21581.818,8.23E-05,32677.225,104761160,100,1267610,0,2366,41.165,21565.113,1.339,0.747,0.047,0,255
58,pe_rhodb,19808430,R,4.687,6.166,1,1,69,17985.553,10546.364,1175407.25,0,0,24772.727,21700,0.00018,32568.621,92846696,100,1123445,17,2366,41.141,21681.453,1.22,0.819,0.037,0,255
