 ,Label,Area1,Channel,Mean1,StdDev1,Mode1,Min1,Max1,X1,Y1,Perim.1,BX1,BY1,Width1,Height1,Circ.1,Feret1,IntDen1,%Area1,RawIntDen1,FeretX1,FeretY1,FeretAngle1,MinFeret1,AR1,Round1,Solidity1,MinThr1,MaxThr1
57,pa6_nilre,23823140,B,0,0,0,0,0,7298.086,5243.543,2218630.75,0,0,16572.727,14345.454,6.08E-05,21023.756,0,0,0,40,1498,39.983,14345.454,1.115,0.897,0.103,0,255
60,pa6_nilre,4932644.5,B,0,0,0,0,0,5447.462,3553.9,264038.969,0,0,13790.909,12309.091,0.000889,17549.686,0,0,0,8,36,141.414,12309.091,1.221,0.819,0.033,0,255
56,pa6_nilre,23823140,G,0,0,0,0,0,7298.086,5243.543,2218630.75,0,0,16572.727,14345.454,6.08E-05,21023.756,0,0,0,40,1498,39.983,14345.454,1.115,0.897,0.103,0,255
59,pa6_nilre,4932644.5,G,0,0,0,0,0,5447.462,3553.9,264038.969,0,0,13790.909,12309.091,0.000889,17549.686,0,0,0,8,36,141.414,12309.091,1.221,0.819,0.033,0,255
55,pa6_nilre,23823140,R,4.117,5.714,2,2,154,7298.086,5243.543,2218630.75,0,0,16572.727,14345.454,6.08E-05,21023.756,98083304,100,1186808,40,1498,39.983,14345.454,1.115,0.897,0.103,0,255
58,pa6_nilre,4932644.5,R,8.543,25.737,2,2,255,5447.462,3553.9,264038.969,0,0,13790.909,12309.091,0.000889,17549.686,42141820,100,509916,8,36,141.414,12309.091,1.221,0.819,0.033,0,255
