 ,Label,Area1,Channel,Mean1,StdDev1,Mode1,Min1,Max1,X1,Y1,Perim.1,BX1,BY1,Width1,Height1,Circ.1,Feret1,IntDen1,%Area1,RawIntDen1,FeretX1,FeretY1,FeretAngle1,MinFeret1,AR1,Round1,Solidity1,MinThr1,MaxThr1
57,pa6_rhodb,18484794,B,0,0,0,0,0,7433.218,6239.595,1189577.5,0,0,16572.727,14390.909,0.000164,21673.521,0,0,0,15,1583,41.412,14390.909,1.1,0.909,0.078,0,255
60,pa6_rhodb,6077934,B,0,0,0,0,0,6109.787,3980.389,497867.781,0,0,16572.727,14327.272,0.000308,21830.107,0,0,0,0,0,139.391,14327.272,1.154,0.867,0.026,0,255
56,pa6_rhodb,18484794,G,3.125,4.565,1,1,105,7433.218,6239.595,1189577.5,0,0,16572.727,14390.909,0.000164,21673.521,57769172,100,699007,15,1583,41.412,14390.909,1.1,0.909,0.078,0,255
59,pa6_rhodb,6077934,G,2.706,2.835,1,0,41,6109.787,3980.389,497867.781,0,0,16572.727,14327.272,0.000308,21830.107,16445041,97.642,198985,0,0,139.391,14327.272,1.154,0.867,0.026,0,255
55,pa6_rhodb,18484794,R,3.715,5.912,1,1,136,7433.218,6239.595,1189577.5,0,0,16572.727,14390.909,0.000164,21673.521,68674464,100,830961,15,1583,41.412,14390.909,1.1,0.909,0.078,0,255
58,pa6_rhodb,6077934,R,6.552,23.409,1,1,255,6109.787,3980.389,497867.781,0,0,16572.727,14327.272,0.000308,21830.107,39824296,100,481874,0,0,139.391,14327.272,1.154,0.867,0.026,0,255
