 ,Label,Area1,Channel,Mean1,StdDev1,Mode1,Min1,Max1,X1,Y1,Perim.1,BX1,BY1,Width1,Height1,Circ.1,Feret1,IntDen1,%Area1,RawIntDen1,FeretX1,FeretY1,FeretAngle1,MinFeret1,AR1,Round1,Solidity1,MinThr1,MaxThr1
61,om_nilre,107934544,R,8.655,8.675,2,2,37,16189.656,8026.54,4582105.5,0,0,23809.092,21518.182,6.46E-05,30206.371,934125568,100,11302919,145,8,135.11,21518.182,1.229,0.814,0.23,0,255
64,om_nilre,57693552,R,10.603,10.776,2,2,255,6231.786,7503.416,2150644.25,0,0,22727.273,21463.637,0.000157,29411.434,611728896,100,7401920,0,0,140.405,21463.637,1.306,0.765,0.125,0,255
62,om_nilre,107934544,G,0,0,0,0,0,16189.656,8026.54,4582105.5,0,0,23809.092,21518.182,6.46E-05,30206.371,0,0,0,145,8,135.11,21518.182,1.229,0.814,0.23,0,255
65,om_nilre,57693552,G,0,0,0,0,0,6231.786,7503.416,2150644.25,0,0,22727.273,21463.637,0.000157,29411.434,0,0,0,0,0,140.405,21463.637,1.306,0.765,0.125,0,255
63,om_nilre,107934544,B,0,0,0,0,0,16189.656,8026.54,4582105.5,0,0,23809.092,21518.182,6.46E-05,30206.371,0,0,0,145,8,135.11,21518.182,1.229,0.814,0.23,0,255
66,om_nilre,57693552,B,0,0,0,0,0,6231.786,7503.416,2150644.25,0,0,22727.273,21463.637,0.000157,29411.434,0,0,0,0,0,140.405,21463.637,1.306,0.765,0.125,0,255
