 ,Label,Area1,Channel,Mean1,StdDev1,Mode1,Min1,Max1,X1,Y1,Perim.1,BX1,BY1,Width1,Height1,Circ.1,Feret1,IntDen1,%Area1,RawIntDen1,FeretX1,FeretY1,FeretAngle1,MinFeret1,AR1,Round1,Solidity1,MinThr1,MaxThr1
63,pe_rhodb,23668596,B,0,0,0,0,0,14818.904,12353.356,1531354.875,0,0,24663.637,21918.182,0.000127,32680.08,0,0,0,3,2410,41.82,21918.182,1.796,0.557,0.044,0,255
66,pe_rhodb,7692562,B,0,0,0,0,0,18651.912,8203.849,867349.562,0,0,24654.545,21918.182,0.000129,32656.57,0,0,0,26,2404,41.75,21918.182,1.66,0.603,0.014,0,255
62,pe_rhodb,23668596,G,4.44,4.911,1,1,68,14818.904,12353.356,1531354.875,0,0,24663.637,21918.182,0.000127,32680.08,105091072,100,1271602,3,2410,41.82,21918.182,1.796,0.557,0.044,0,255
65,pe_rhodb,7692562,G,3.871,4.269,1,1,63,18651.912,8203.849,867349.562,0,0,24654.545,21918.182,0.000129,32656.57,29778430,100,360319,26,2404,41.75,21918.182,1.66,0.603,0.014,0,255
61,pe_rhodb,23668596,R,5.397,6.358,1,1,88,14818.904,12353.356,1531354.875,0,0,24663.637,21918.182,0.000127,32680.08,127746112,100,1545728,3,2410,41.82,21918.182,1.796,0.557,0.044,0,255
64,pe_rhodb,7692562,R,4.7,5.513,1,1,82,18651.912,8203.849,867349.562,0,0,24654.545,21918.182,0.000129,32656.57,36151652,100,437435,26,2404,41.75,21918.182,1.66,0.603,0.014,0,255
