 ,Label,Area1,Channel,Mean1,StdDev1,Mode1,Min1,Max1,X1,Y1,Perim.1,BX1,BY1,Width1,Height1,Circ.1,Feret1,IntDen1,%Area1,RawIntDen1,FeretX1,FeretY1,FeretAngle1,MinFeret1,AR1,Round1,Solidity1,MinThr1,MaxThr1
69,om_nilre,115006608,B,0,0,0,0,0,14061.028,13145.625,3739672.25,0,0,24218.182,21145.455,0.000103,30951.465,0,0,0,17,2234,40.056,21145.455,1.312,0.762,0.24,0,255
72,om_nilre,54967024,B,0,0,0,0,0,5534.911,11266.516,647884.688,0,0,24136.363,21245.455,0.002,31353.648,0,0,0,47,10,138.573,21245.455,1.766,0.566,0.133,0,255
68,om_nilre,115006608,G,0,0,0,0,0,14061.028,13145.625,3739672.25,0,0,24218.182,21145.455,0.000103,30951.465,0,0,0,17,2234,40.056,21145.455,1.312,0.762,0.24,0,255
71,om_nilre,54967024,G,0,0,0,0,0,5534.911,11266.516,647884.688,0,0,24136.363,21245.455,0.002,31353.648,0,0,0,47,10,138.573,21245.455,1.766,0.566,0.133,0,255
67,om_nilre,115006608,R,8.312,8.943,2,2,44,14061.028,13145.625,3739672.25,0,0,24218.182,21145.455,0.000103,30951.465,955878912,100,11566135,17,2234,40.056,21145.455,1.312,0.762,0.24,0,255
70,om_nilre,54967024,R,13.48,8.412,2,2,39,5534.911,11266.516,647884.688,0,0,24136.363,21245.455,0.002,31353.648,740964352,100,8965669,47,10,138.573,21245.455,1.766,0.566,0.133,0,255
