 ,Label,Area1,Channel,Mean1,StdDev1,Mode1,Min1,Max1,X1,Y1,Perim.1,BX1,BY1,Width1,Height1,Circ.1,Feret1,IntDen1,%Area1,RawIntDen1,FeretX1,FeretY1,FeretAngle1,MinFeret1,AR1,Round1,Solidity1,MinThr1,MaxThr1
69,pe102_nilre,43117852,B,0,0,0,0,0,10211.432,9610.805,159522.094,0,0,20263.637,19400,0.021,27151.715,0,0,0,49,0,136.126,17365.422,2.645,0.378,0.147,0,255
72,pe102_nilre,253784960,B,0,0,0,0,0,7124.544,13132.02,4550962,0,0,23709.092,21427.273,0.000154,31430.18,0,0,0,4,5,137.133,21427.273,1.41,0.709,0.61,0,255
68,pe102_nilre,43117852,G,0,0,0,0,0,10211.432,9610.805,159522.094,0,0,20263.637,19400,0.021,27151.715,0,0,0,49,0,136.126,17365.422,2.645,0.378,0.147,0,255
71,pe102_nilre,253784960,G,0,0,0,0,0,7124.544,13132.02,4550962,0,0,23709.092,21427.273,0.000154,31430.18,0,0,0,4,5,137.133,21427.273,1.41,0.709,0.61,0,255
67,pe102_nilre,43117852,R,55.954,23.121,41,23,175,10211.432,9610.805,159522.094,0,0,20263.637,19400,0.021,27151.715,2412614656,100,29192636,49,0,136.126,17365.422,2.645,0.378,0.147,0,255
70,pe102_nilre,253784960,R,7.471,14.266,2,2,113,7124.544,13132.02,4550962,0,0,23709.092,21427.273,0.000154,31430.18,1895945472,100,22940940,4,5,137.133,21427.273,1.41,0.709,0.61,0,255
