 ,Label,Area1,Channel,Mean1,StdDev1,Mode1,Min1,Max1,X1,Y1,Perim.1,BX1,BY1,Width1,Height1,Circ.1,Feret1,IntDen1,%Area1,RawIntDen1,FeretX1,FeretY1,FeretAngle1,MinFeret1,AR1,Round1,Solidity1,MinThr1,MaxThr1
81,om_dapi,133595120,B,3.753,0.957,4,0,4,11800.376,12148.485,17123314,0,0,24545.455,21654.545,5.73E-06,32732.227,501359264,93.92,6066447,0,0,138.581,21654.545,1.126,0.888,0.251,0,255
84,om_dapi,57931984,B,11.058,4.431,9,9,79,10940.648,6113.587,1612041.875,0,0,24545.455,21654.545,0.00028,32092.281,640628544,100,7751605,2,59,138.871,21654.545,2.701,0.37,0.114,0,255
80,om_dapi,133595120,G,2.814,0.719,3,0,3,11800.376,12148.485,17123314,0,0,24545.455,21654.545,5.73E-06,32732.227,375886112,93.92,4548222,0,0,138.581,21654.545,1.126,0.888,0.251,0,255
83,om_dapi,57931984,G,7.053,2.779,6,6,50,10940.648,6113.587,1612041.875,0,0,24545.455,21654.545,0.00028,32092.281,408622720,100,4944335,2,59,138.871,21654.545,2.701,0.37,0.114,0,255
79,om_dapi,133595120,R,0,0,0,0,0,11800.376,12148.485,17123314,0,0,24545.455,21654.545,5.73E-06,32732.227,0,0,0,0,0,138.581,21654.545,1.126,0.888,0.251,0,255
82,om_dapi,57931984,R,0,0,0,0,0,10940.648,6113.587,1612041.875,0,0,24545.455,21654.545,0.00028,32092.281,0,0,0,2,59,138.871,21654.545,2.701,0.37,0.114,0,255
