 ,Label,Area1,Channel,Mean1,StdDev1,Mode1,Min1,Max1,X1,Y1,Perim.1,BX1,BY1,Width1,Height1,Circ.1,Feret1,IntDen1,%Area1,RawIntDen1,FeretX1,FeretY1,FeretAngle1,MinFeret1,AR1,Round1,Solidity1,MinThr1,MaxThr1
81,om_nilre,2358677.75,B,0,0,0,0,0,16507.619,6518.157,150974.297,0,0,24572.727,20772.727,0.001,27885.91,0,0,0,187,445,145.01,20562.057,2.456,0.407,0.005,0,255
84,om_nilre,1975371.875,B,0,0,0,0,0,8043.062,10907.171,217319.594,0,0,24463.637,21581.818,0.000526,32217.969,0,0,0,27,10,138.225,21579.729,1.535,0.651,0.004,0,255
80,om_nilre,2358677.75,G,0,0,0,0,0,16507.619,6518.157,150974.297,0,0,24572.727,20772.727,0.001,27885.91,0,0,0,187,445,145.01,20562.057,2.456,0.407,0.005,0,255
83,om_nilre,1975371.875,G,0,0,0,0,0,8043.062,10907.171,217319.594,0,0,24463.637,21581.818,0.000526,32217.969,0,0,0,27,10,138.225,21579.729,1.535,0.651,0.004,0,255
79,om_nilre,2358677.75,R,2.207,0.468,2,2,6,16507.619,6518.157,150974.297,0,0,24572.727,20772.727,0.001,27885.91,5205206.5,100,62983,187,445,145.01,20562.057,2.456,0.407,0.005,0,255
82,om_nilre,1975371.875,R,2.074,0.28,2,2,8,8043.062,10907.171,217319.594,0,0,24463.637,21581.818,0.000526,32217.969,4097272.75,100,49577,27,10,138.225,21579.729,1.535,0.651,0.004,0,255
