 ,Label,Area1,Channel,Mean1,StdDev1,Mode1,Min1,Max1,X1,Y1,Perim.1,BX1,BY1,Width1,Height1,Circ.1,Feret1,IntDen1,%Area1,RawIntDen1,FeretX1,FeretY1,FeretAngle1,MinFeret1,AR1,Round1,Solidity1,MinThr1,MaxThr1
9,OM_DAPI,137332064,B,17.999,8.601,14,0,254,24666.572,20626.496,2167214,0,0,48490.91,41990.91,0.000367,60794.578,2471842048,99.986,29909290,349,4601,43.249,41801.609,1.164,0.859,0.073,0,255
12,OM_DAPI,140661408,B,19.568,10.297,14,0,254,25661.709,20476.807,1669442.25,0,0,48227.273,42363.637,0.000634,61419.523,2752441856,99.983,33304546,207,4660,42.427,42342.633,1.25,0.8,0.072,0,255
8,OM_DAPI,137332064,G,11.473,5.364,10,0,159,24666.572,20626.496,2167214,0,0,48490.91,41990.91,0.000367,60794.578,1575643776,99.984,19065288,349,4601,43.249,41801.609,1.164,0.859,0.073,0,255
11,OM_DAPI,140661408,G,12.45,6.43,10,0,159,25661.709,20476.807,1669442.25,0,0,48227.273,42363.637,0.000634,61419.523,1751281792,99.98,21190508,207,4660,42.427,42342.633,1.25,0.8,0.072,0,255
7,OM_DAPI,137332064,R,0.149,5.009,0,0,255,24666.572,20626.496,2167214,0,0,48490.91,41990.91,0.000367,60794.578,20447686,0.103,247417,349,4601,43.249,41801.609,1.164,0.859,0.073,0,255
10,OM_DAPI,140661408,R,0.145,4.949,0,0,255,25661.709,20476.807,1669442.25,0,0,48227.273,42363.637,0.000634,61419.523,20440000,0.1,247324,207,4660,42.427,42342.633,1.25,0.8,0.072,0,255
