 ,Label,Area1,Channel,Mean1,StdDev1,Mode1,Min1,Max1,X1,Y1,Perim.1,BX1,BY1,Width1,Height1,Circ.1,Feret1,IntDen1,%Area1,RawIntDen1,FeretX1,FeretY1,FeretAngle1,MinFeret1,AR1,Round1,Solidity1,MinThr1,MaxThr1
9,PA6_RHODB,7137520.5,B,0,0,0,0,0,11995.969,8459.43,599121.062,0,0,16600,14290.909,0.00025,21652.648,0,0,0,6,13,139.495,14290.909,1.899,0.527,0.03,0,255
12,PA6_RHODB,28164710,B,0,0,0,0,0,9954.548,8503.491,1707232.125,0,0,16609.092,14454.546,0.000121,21847.146,0,0,0,5,1590,41.424,14454.546,1.104,0.906,0.118,0,255
8,PA6_RHODB,7137520.5,G,3.791,5.346,1,1,63,11995.969,8459.43,599121.062,0,0,16600,14290.909,0.00025,21652.648,27061074,100,327439,6,13,139.495,14290.909,1.899,0.527,0.03,0,255
11,PA6_RHODB,28164710,G,3.52,6.244,1,1,150,9954.548,8503.491,1707232.125,0,0,16609.092,14454.546,0.000121,21847.146,99133056,100,1199510,5,1590,41.424,14454.546,1.104,0.906,0.118,0,255
7,PA6_RHODB,7137520.5,R,4.592,6.927,1,1,81,11995.969,8459.43,599121.062,0,0,16600,14290.909,0.00025,21652.648,32778596,100,396621,6,13,139.495,14290.909,1.899,0.527,0.03,0,255
10,PA6_RHODB,28164710,R,4.233,8.105,1,1,195,9954.548,8503.491,1707232.125,0,0,16609.092,14454.546,0.000121,21847.146,119222648,100,1442594,5,1590,41.424,14454.546,1.104,0.906,0.118,0,255
