 ,Label,Area1,Channel,Mean1,StdDev1,Mode1,Min1,Max1,X1,Y1,Perim.1,BX1,BY1,Width1,Height1,Circ.1,Feret1,IntDen1,%Area1,RawIntDen1,FeretX1,FeretY1,FeretAngle1,MinFeret1,AR1,Round1,Solidity1,MinThr1,MaxThr1
9,PA6_nilre,7474463,B,0,0,0,0,0,11801.976,8054.374,623889.875,0,0,16018.182,13500,0.000241,20006.25,0,0,0,18,1485,38.302,13470.257,2.368,0.422,0.044,0,255
12,PA6_nilre,29590826,B,0,0,0,0,0,9806.928,8707.518,2103046,0,0,16609.092,14372.728,8.41E-05,20746.801,0,0,0,17,189,142.477,14372.728,1.136,0.88,0.13,0,255
8,PA6_nilre,7474463,G,0,0,0,0,0,11801.976,8054.374,623889.875,0,0,16018.182,13500,0.000241,20006.25,0,0,0,18,1485,38.302,13470.257,2.368,0.422,0.044,0,255
11,PA6_nilre,29590826,G,0,0,0,0,0,9806.928,8707.518,2103046,0,0,16609.092,14372.728,8.41E-05,20746.801,0,0,0,17,189,142.477,14372.728,1.136,0.88,0.13,0,255
7,PA6_nilre,7474463,R,5.067,6.615,2,2,91,11801.976,8054.374,623889.875,0,0,16018.182,13500,0.000241,20006.25,37875784,100,458297,18,1485,38.302,13470.257,2.368,0.422,0.044,0,255
10,PA6_nilre,29590826,R,4.774,7.34,2,2,161,9806.928,8707.518,2103046,0,0,16609.092,14372.728,8.41E-05,20746.801,141271728,100,1709388,17,189,142.477,14372.728,1.136,0.88,0.13,0,255
