 ,Label,Area1,Channel,Mean1,StdDev1,Mode1,Min1,Max1,X1,Y1,Perim.1,BX1,BY1,Width1,Height1,Circ.1,Feret1,IntDen1,%Area1,RawIntDen1,FeretX1,FeretY1,FeretAngle1,MinFeret1,AR1,Round1,Solidity1,MinThr1,MaxThr1
9,PETmono_rhodb,37265456,B,0,0,0,0,0,15978.323,14067.883,2317315.5,0,0,24863.637,21645.455,8.72E-05,32677.402,0,0,0,16,2369,40.995,21641.117,1.542,0.649,0.07,0,255
12,PETmono_rhodb,17081074,B,0,0,0,0,0,8129.191,14678.843,1178105.75,0,0,24763.637,21754.545,0.000155,32616.613,0,0,0,18,2391,41.791,21754.545,1.34,0.746,0.032,0,255
8,PETmono_rhodb,37265456,G,3.132,4.761,1,1,109,15978.323,14067.883,2317315.5,0,0,24863.637,21645.455,8.72E-05,32677.402,116708264,100,1412170,16,2369,40.995,21641.117,1.542,0.649,0.07,0,255
11,PETmono_rhodb,17081074,G,3.323,4.715,1,1,90,8129.191,14678.843,1178105.75,0,0,24763.637,21754.545,0.000155,32616.613,56768512,100,686899,18,2391,41.791,21754.545,1.34,0.746,0.032,0,255
7,PETmono_rhodb,37265456,R,3.725,6.169,1,1,141,15978.323,14067.883,2317315.5,0,0,24863.637,21645.455,8.72E-05,32677.402,138810736,100,1679610,16,2369,40.995,21641.117,1.542,0.649,0.07,0,255
10,PETmono_rhodb,17081074,R,3.987,6.11,1,1,117,8129.191,14678.843,1178105.75,0,0,24763.637,21754.545,0.000155,32616.613,68106360,100,824087,18,2391,41.791,21754.545,1.34,0.746,0.032,0,255
