 ,Label,Area1,Channel,Mean1,StdDev1,Mode1,Min1,Max1,X1,Y1,Perim.1,BX1,BY1,Width1,Height1,Circ.1,Feret1,IntDen1,%Area1,RawIntDen1,FeretX1,FeretY1,FeretAngle1,MinFeret1,AR1,Round1,Solidity1,MinThr1,MaxThr1
9,PP5_nilre,29921736,B,0,0,0,0,0,9362.137,8517.411,376843.812,0,0,16563.637,14372.728,0.003,20259.332,0,0,0,148,97,138.42,14372.728,1.156,0.865,0.139,0,255
12,PP5_nilre,53320580,B,0,0,0,0,0,3811.086,9614.066,1964141.125,0,0,16400,13709.091,0.000174,21214.561,0,0,0,11,0,140.128,13702.019,1.585,0.631,0.302,0,255
8,PP5_nilre,29921736,G,0,0,0,0,0,9362.137,8517.411,376843.812,0,0,16563.637,14372.728,0.003,20259.332,0,0,0,148,97,138.42,14372.728,1.156,0.865,0.139,0,255
11,PP5_nilre,53320580,G,0,0,0,0,0,3811.086,9614.066,1964141.125,0,0,16400,13709.091,0.000174,21214.561,0,0,0,11,0,140.128,13702.019,1.585,0.631,0.302,0,255
7,PP5_nilre,29921736,R,37.221,14.279,20,20,130,9362.137,8517.411,376843.812,0,0,16563.637,14372.728,0.003,20259.332,1113726976,100,13476096,148,97,138.42,14372.728,1.156,0.865,0.139,0,255
10,PP5_nilre,53320580,R,8.123,11.639,2,2,109,3811.086,9614.066,1964141.125,0,0,16400,13709.091,0.000174,21214.561,433126528,100,5240831,11,0,140.128,13702.019,1.585,0.631,0.302,0,255
