 ,Label,Area1,Channel,Mean1,StdDev1,Mode1,Min1,Max1,X1,Y1,Perim.1,BX1,BY1,Width1,Height1,Circ.1,Feret1,IntDen1,%Area1,RawIntDen1,FeretX1,FeretY1,FeretAngle1,MinFeret1,AR1,Round1,Solidity1,MinThr1,MaxThr1
9,PS_FITC,465637856,B,0.545,1.854,0,0,16,24959.814,27653.152,64603752,0,0,49563.637,43400,1.40E-06,63851.855,253737280,9.484,3070221,48,72,138.816,43224.496,1.044,0.958,0.219,0,255
12,PS_FITC,11696446,B,10.859,1.615,10,0,24,13586.571,16400.764,437116.156,0,0,38890.91,30454.545,0.000769,43518.012,127011320,98.872,1536837,0,1158,153.339,30395.348,1.037,0.965,0.013,0,255
8,PS_FITC,465637856,G,5.542,11.867,2,0,107,24959.814,27653.152,64603752,0,0,49563.637,43400,1.40E-06,63851.855,2580346880,99.98,31222196,48,72,138.816,43224.496,1.044,0.958,0.219,0,255
11,PS_FITC,11696446,G,71.508,10.439,64,0,155,13586.571,16400.764,437116.156,0,0,38890.91,30454.545,0.000769,43518.012,836392640,99.337,10120351,0,1158,153.339,30395.348,1.037,0.965,0.013,0,255
7,PS_FITC,465637856,R,0.044,2.721,0,0,255,24959.814,27653.152,64603752,0,0,49563.637,43400,1.40E-06,63851.855,20450992,0.031,247457,48,72,138.816,43224.496,1.044,0.958,0.219,0,255
10,PS_FITC,11696446,R,1.717,17.044,0,0,255,13586.571,16400.764,437116.156,0,0,38890.91,30454.545,0.000769,43518.012,20077438,1.128,242937,0,1158,153.339,30395.348,1.037,0.965,0.013,0,255
