 ,Label,Area1,Channel,Mean1,StdDev1,Mode1,Min1,Max1,X1,Y1,Perim.1,BX1,BY1,Width1,Height1,Circ.1,Feret1,IntDen1,%Area1,RawIntDen1,FeretX1,FeretY1,FeretAngle1,MinFeret1,AR1,Round1,Solidity1,MinThr1,MaxThr1
9,PVC_nilre,874176448,B,0,0,0,0,0,22521.59,19764.082,3971421.25,0,0,41200,43427.273,0.000697,53659.25,0,0,0,198,352,136.38,39080.316,1.199,0.834,0.558,0,255
12,PVC_nilre,664550144,B,0,0,0,0,0,24899.133,18350.289,3595866.25,0,0,43927.273,40136.363,0.000646,52957,0,0,0,463,562,138.591,38663.477,1.066,0.938,0.463,0,255
8,PVC_nilre,874176448,G,0,0,0,0,0,22521.59,19764.082,3971421.25,0,0,41200,43427.273,0.000697,53659.25,0,0,0,198,352,136.38,39080.316,1.199,0.834,0.558,0,255
11,PVC_nilre,664550144,G,0,0,0,0,0,24899.133,18350.289,3595866.25,0,0,43927.273,40136.363,0.000646,52957,0,0,0,463,562,138.591,38663.477,1.066,0.938,0.463,0,255
7,PVC_nilre,874176448,R,40.511,27.438,17,17,255,22521.59,19764.082,3971421.25,0,0,41200,43427.273,0.000697,53659.25,35413803008,100,428507008,198,352,136.38,39080.316,1.199,0.834,0.558,0,255
10,PVC_nilre,664550144,R,33.164,31.341,11,11,255,24899.133,18350.289,3595866.25,0,0,43927.273,40136.363,0.000646,52957,22039367680,100,266676352,463,562,138.591,38663.477,1.066,0.938,0.463,0,255
