 ,Label,Area1,Channel,Mean1,StdDev1,Mode1,Min1,Max1,X1,Y1,Perim.1,BX1,BY1,Width1,Height1,Circ.1,Feret1,IntDen1,%Area1,RawIntDen1,FeretX1,FeretY1,FeretAngle1,MinFeret1,AR1,Round1,Solidity1,MinThr1,MaxThr1
9,PVC_rhodb,1079472256,B,0,0,0,0,0,24625.543,15750.717,4102599,0,0,46818.184,43427.273,0.000806,54752.809,0,0,0,338,808,143.031,43353.312,1.365,0.732,0.608,0,255
8,PVC_rhodb,1079472256,G,22.404,17.45,16,0,196,24625.543,15750.717,4102599,0,0,46818.184,43427.273,0.000806,54752.809,24184887296,99.99,292637120,338,808,143.031,43353.312,1.365,0.732,0.608,0,255
7,PVC_rhodb,1079472256,R,28.728,22.742,23,11,255,24625.543,15750.717,4102599,0,0,46818.184,43427.273,0.000806,54752.809,31010953216,100,375232544,338,808,143.031,43353.312,1.365,0.732,0.608,0,255
