 ,Label,Area1,Channel,Mean1,StdDev1,Mode1,Min1,Max1,X1,Y1,Perim.1,BX1,BY1,Width1,Height1,Circ.1,Feret1,IntDen1,%Area1,RawIntDen1,FeretX1,FeretY1,FeretAngle1,MinFeret1,AR1,Round1,Solidity1,MinThr1,MaxThr1
87,om_nilre,3369421.5,B,0,0,0,0,0,9605.471,8156.052,292538.812,0,0,23845.455,21490.908,0.000495,29120.844,0,0,0,0,198,141.502,21468.201,2.744,0.364,0.008,0,255
90,om_nilre,220247.938,B,0,0,0,0,0,12657.924,4804.375,52696.562,0,0,24418.182,21300,0.000997,28361.701,0,0,0,248,1968,39.015,21300,2.397,0.417,0.000519,0,255
86,om_nilre,3369421.5,G,0,0,0,0,0,9605.471,8156.052,292538.812,0,0,23845.455,21490.908,0.000495,29120.844,0,0,0,0,198,141.502,21468.201,2.744,0.364,0.008,0,255
89,om_nilre,220247.938,G,0,0,0,0,0,12657.924,4804.375,52696.562,0,0,24418.182,21300,0.000997,28361.701,0,0,0,248,1968,39.015,21300,2.397,0.417,0.000519,0,255
85,om_nilre,3369421.5,R,2.33,0.77,2,2,11,9605.471,8156.052,292538.812,0,0,23845.455,21490.908,0.000495,29120.844,7851901,100,95008,0,198,141.502,21468.201,2.744,0.364,0.008,0,255
88,om_nilre,220247.938,R,2.064,0.354,2,2,8,12657.924,4804.375,52696.562,0,0,24418.182,21300,0.000997,28361.701,454545.469,100,5500,248,1968,39.015,21300,2.397,0.417,0.000519,0,255
