 ,Label,Area1,Channel,Mean1,StdDev1,Mode1,Min1,Max1,X1,Y1,Perim.1,BX1,BY1,Width1,Height1,Circ.1,Feret1,IntDen1,%Area1,RawIntDen1,FeretX1,FeretY1,FeretAngle1,MinFeret1,AR1,Round1,Solidity1,MinThr1,MaxThr1
87,pe_rhodb,14626116,B,0,0,0,0,0,10603.831,14314.686,1075063.75,0,0,24645.455,21663.637,0.000159,32647.33,0,0,0,10,12,138.726,21663.637,1.063,0.94,0.028,0,255
90,pe_rhodb,9187107,B,0,0,0,0,0,15772.383,7788.115,670193.062,0,0,24681.818,21663.637,0.000257,32427.523,0,0,0,11,24,138.876,21663.637,1.766,0.566,0.017,0,255
86,pe_rhodb,14626116,G,3.422,2.897,1,1,33,10603.831,14314.686,1075063.75,0,0,24645.455,21663.637,0.000159,32647.33,50048428,100,605586,10,12,138.726,21663.637,1.063,0.94,0.028,0,255
89,pe_rhodb,9187107,G,2.216,1.546,1,1,20,15772.383,7788.115,670193.062,0,0,24681.818,21663.637,0.000257,32427.523,20355454,100,246301,11,24,138.876,21663.637,1.766,0.566,0.017,0,255
85,pe_rhodb,14626116,R,4.08,3.753,1,1,42,10603.831,14314.686,1075063.75,0,0,24645.455,21663.637,0.000159,32647.33,59679008,100,722116,10,12,138.726,21663.637,1.063,0.94,0.028,0,255
88,pe_rhodb,9187107,R,2.495,2.016,1,1,26,15772.383,7788.115,670193.062,0,0,24681.818,21663.637,0.000257,32427.523,22919752,100,277329,11,24,138.876,21663.637,1.766,0.566,0.017,0,255
