 ,Label,Area1,Channel,Mean1,StdDev1,Mode1,Min1,Max1,X1,Y1,Perim.1,BX1,BY1,Width1,Height1,Circ.1,Feret1,IntDen1,%Area1,RawIntDen1,FeretX1,FeretY1,FeretAngle1,MinFeret1,AR1,Round1,Solidity1,MinThr1,MaxThr1
93,pe_nilre,7272.727,B,0,0,0,0,0,8472.624,1366.529,1094.629,0,0,12263.637,8218.182,0.076,13462.902,0,0,0,0,904,24.367,4274.908,1.884,0.531,0.000168,0,255
96,pe_nilre,3959669.5,B,0,0,0,0,0,10832.297,1514.274,12734.188,0,0,11918.182,7836.364,0.307,11975.74,0,0,0,0,41,174.38,7742.49,1.198,0.835,0.072,0,255
92,pe_nilre,7272.727,G,0,0,0,0,0,8472.624,1366.529,1094.629,0,0,12263.637,8218.182,0.076,13462.902,0,0,0,0,904,24.367,4274.908,1.884,0.531,0.000168,0,255
95,pe_nilre,3959669.5,G,0,0,0,0,0,10832.297,1514.274,12734.188,0,0,11918.182,7836.364,0.307,11975.74,0,0,0,0,41,174.38,7742.49,1.198,0.835,0.072,0,255
91,pe_nilre,7272.727,R,2.068,0.254,2,2,3,8472.624,1366.529,1094.629,0,0,12263.637,8218.182,0.076,13462.902,15041.322,100,182,0,904,24.367,4274.908,1.884,0.531,0.000168,0,255
94,pe_nilre,3959669.5,R,50.602,19.593,42,8,185,10832.297,1514.274,12734.188,0,0,11918.182,7836.364,0.307,11975.74,200368176,100,2424455,0,41,174.38,7742.49,1.198,0.835,0.072,0,255
