 ,Label,Area1,Channel,Mean1,StdDev1,Mode1,Min1,Max1,X1,Y1,Perim.1,BX1,BY1,Width1,Height1,Circ.1,Feret1,IntDen1,%Area1,RawIntDen1,FeretX1,FeretY1,FeretAngle1,MinFeret1,AR1,Round1,Solidity1,MinThr1,MaxThr1
93,pe_rhodb,19217272,B,0,0,0,0,0,7947.206,9542.104,1297374,0,0,24818.182,21554.545,0.000144,32666.127,0,0,0,1,2371,41.118,21540.658,1.493,0.67,0.036,0,255
96,pe_rhodb,11661074,B,0,0,0,0,0,6076.567,10315.567,33897.781,0,0,11772.728,17809.092,0.128,17818.592,0,0,0,452,1959,88.129,11212.274,2,0.5,0.091,0,255
92,pe_rhodb,19217272,G,3.526,4.283,1,1,86,7947.206,9542.104,1297374,0,0,24818.182,21554.545,0.000144,32666.127,67752976,100,819811,1,2371,41.118,21540.658,1.493,0.67,0.036,0,255
95,pe_rhodb,11661074,G,14.55,7.166,13,3,87,6076.567,10315.567,33897.781,0,0,11772.728,17809.092,0.128,17818.592,169664544,100,2052941,452,1959,88.129,11212.274,2,0.5,0.091,0,255
91,pe_rhodb,19217272,R,4.189,5.558,1,1,112,7947.206,9542.104,1297374,0,0,24818.182,21554.545,0.000144,32666.127,80508840,100,974157,1,2371,41.118,21540.658,1.493,0.67,0.036,0,255
94,pe_rhodb,11661074,R,18.51,9.313,19,3,113,6076.567,10315.567,33897.781,0,0,11772.728,17809.092,0.128,17818.592,215842064,100,2611689,452,1959,88.129,11212.274,2,0.5,0.091,0,255
