 ,Label,Area1,Channel,Mean1,StdDev1,Mode1,Min1,Max1,X1,Y1,Perim.1,BX1,BY1,Width1,Height1,Circ.1,Feret1,IntDen1,%Area1,RawIntDen1,FeretX1,FeretY1,FeretAngle1,MinFeret1,AR1,Round1,Solidity1,MinThr1,MaxThr1
99,pe_nilre,70247.938,B,0,0,0,0,0,5173.038,8510.342,4769.692,0,0,11463.637,11945.454,0.039,13868.33,0,0,0,0,1313,34.315,10575.972,2.636,0.379,0.000825,0,255
102,pe_nilre,11809421,B,0,0,0,0,0,12603.634,10939.083,100791.141,0,0,21009.092,20345.455,0.015,21242.531,0,0,0,126,1517,40.418,17139.932,1.855,0.539,0.042,0,255
98,pe_nilre,70247.938,G,0,0,0,0,0,5173.038,8510.342,4769.692,0,0,11463.637,11945.454,0.039,13868.33,0,0,0,0,1313,34.315,10575.972,2.636,0.379,0.000825,0,255
101,pe_nilre,11809421,G,0,0,0,0,0,12603.634,10939.083,100791.141,0,0,21009.092,20345.455,0.015,21242.531,0,0,0,126,1517,40.418,17139.932,1.855,0.539,0.042,0,255
97,pe_nilre,70247.938,R,3.609,2.873,2,2,17,5173.038,8510.342,4769.692,0,0,11463.637,11945.454,0.039,13868.33,253553.719,100,3068,0,1313,34.315,10575.972,2.636,0.379,0.000825,0,255
100,pe_nilre,11809421,R,35.074,19.736,5,5,145,12603.634,10939.083,100791.141,0,0,21009.092,20345.455,0.015,21242.531,414201568,100,5011839,126,1517,40.418,17139.932,1.855,0.539,0.042,0,255
