Channel,Label,percentil 10th,percentile 50th,percentile 90th
Green,T2F_paper_DAPI[0;1].tif_RGB,14.552900000000001,71.28450000000001,128.01610000000002
