Channel,Label,percentil 10th,percentile 50th,percentile 90th
Red,T5F_paper_DAPI.tif_RGB,145.68490000000003,178.53250000000003,211.38010000000003
