Channel,Label,percentil 10th,percentile 50th,percentile 90th
Blue,pe100_fitc,30.2483,30.829500000000003,31.410700000000002
