Channel,Label,percentil 10th,percentile 50th,percentile 90th
Blue,psf_DAPI,107.18390000000001,121.59550000000002,136.0071
