Channel,Label,percentil 10th,percentile 50th,percentile 90th
Blue,pe100_fitc,30.102600000000002,30.301000000000002,30.4994
