Channel,Label,percentil 10th,percentile 50th,percentile 90th
Blue,PsF_DAPI,146.6135,148.64350000000002,150.67350000000002
