Channel,Label,percentil 10th,percentile 50th,percentile 90th
Blue,pe_fitc,23.124100000000002,25.488500000000002,27.852899999999998
