Channel,Label,percentil 10th,percentile 50th,percentile 90th
Blue,PA_DAPI,60.842299999999994,66.11149999999999,71.38069999999999
