Channel,Label,percentil 10th,percentile 50th,percentile 90th
Blue,PETp_DAPI,58.33710000000001,70.15350000000001,81.96990000000001
