Channel,Label,percentil 10th,percentile 50th,percentile 90th
Blue,PE102_FITC,22.8626,24.273000000000003,25.683400000000002
