Channel,Label,percentil 10th,percentile 50th,percentile 90th
Blue,pe_fitc,25.718600000000002,27.441000000000003,29.163400000000003
