Channel,Label,percentil 10th,percentile 50th,percentile 90th
Blue,pp1_fitc,20.158900000000003,20.802500000000002,21.4461
