Channel,Label,percentil 10th,percentile 50th,percentile 90th
Green,PE_rhodb,17.712000000000003,19.020000000000003,20.328000000000003
