Channel,Label,percentil 10th,percentile 50th,percentile 90th
Green,pe100_fitc,186.17190000000002,187.0155,187.85909999999998
