Channel,Label,percentil 10th,percentile 50th,percentile 90th
Green,PE102_rhodb,23.8326,25.098999999999997,26.365399999999998
