Channel,Label,percentil 10th,percentile 50th,percentile 90th
Green,pe100_fitc,196.40640000000002,200.14,203.87359999999998
