Channel,Label,percentil 10th,percentile 50th,percentile 90th
Green,pe102_fitc,152.41770000000002,158.72050000000002,165.0233
