Channel,Label,percentil 10th,percentile 50th,percentile 90th
Green,pe102_fitc,143.18560000000002,144.96800000000002,146.7504
