Channel,Label,percentil 10th,percentile 50th,percentile 90th
Green,PLA_DAPI,27.589199999999998,28.426000000000002,29.262800000000002
