Channel,Label,percentil 10th,percentile 50th,percentile 90th
Green,PA_RhodB,123.99000000000001,124.22200000000001,124.45400000000001
