Channel,Label,percentil 10th,percentile 50th,percentile 90th
Green,PE100_FITC,182.7222,185.78300000000002,188.84380000000002
