Channel,Label,percentil 10th,percentile 50th,percentile 90th
Green,PE102_RHODB,21.695999999999998,22.503999999999998,23.312
