Channel,Label,percentil 10th,percentile 50th,percentile 90th
Green,PE102_FITC,145.8152,159.66000000000003,173.50480000000002
