Channel,Label,percentil 10th,percentile 50th,percentile 90th
Green,PP5_FITC,149.13580000000002,159.97899999999998,170.82219999999998
