Channel,Label,percentil 10th,percentile 50th,percentile 90th
Green,pe102_fitc,157.43189999999998,162.14749999999998,166.8631
