Channel,Label,percentil 10th,percentile 50th,percentile 90th
Green,pp1_fitc,182.98579999999998,195.361,207.73620000000003
