Channel,Label,percentil 10th,percentile 50th,percentile 90th
Green,PE_FITC,156.2905,176.76850000000002,197.24650000000003
