Channel,Label,percentil 10th,percentile 50th,percentile 90th
Green,PP1_FITC,110.7649,138.25650000000002,165.74810000000002
