Channel,Label,percentil 10th,percentile 50th,percentile 90th
Green,PP1_FITC,155.18359999999998,173.82999999999998,192.4764
