Channel,Label,percentil 10th,percentile 50th,percentile 90th
Green,pe_fitc,147.44969999999998,177.5445,207.63930000000002
