Channel,Label,percentil 10th,percentile 50th,percentile 90th
Green,pe102_rhodb,20.4703,24.255499999999998,28.040699999999998
