Channel,Label,percentil 10th,percentile 50th,percentile 90th
Green,pp1_fitc,216.89950000000002,220.7975,224.69549999999998
