Channel,Label,percentil 10th,percentile 50th,percentile 90th
Red,PA6_rhodb,3.4111000000000002,3.6715,3.9318999999999997
