Channel,Label,percentil 10th,percentile 50th,percentile 90th
Red,om_nilre,10.225299999999999,11.006499999999999,11.787700000000001
