Channel,Label,percentil 10th,percentile 50th,percentile 90th
Red,om_nilre,2.1134999999999997,2.4154999999999998,2.7175000000000002
