Channel,Label,percentil 10th,percentile 50th,percentile 90th
Red,PE_RHODB,4.0718000000000005,13.466999999999999,22.862199999999998
