Channel,Label,percentil 10th,percentile 50th,percentile 90th
Red,PE100_nilre,62.213699999999996,65.78450000000001,69.3553
