Channel,Label,percentil 10th,percentile 50th,percentile 90th
Red,PE_rhodb,22.628800000000002,24.328000000000003,26.0272
