Channel,Label,percentil 10th,percentile 50th,percentile 90th
Red,PS_nilre,250.28949999999998,250.79149999999998,251.29350000000002
