Channel,Label,percentil 10th,percentile 50th,percentile 90th
Red,pa6_rhodb,3.6567,3.8434999999999997,4.0302999999999995
