Channel,Label,percentil 10th,percentile 50th,percentile 90th
Red,PLA_rhodb,85.45020000000001,88.09100000000001,90.73179999999999
