Channel,Label,percentil 10th,percentile 50th,percentile 90th
Red,PE_rhodb,5.459300000000001,11.480500000000001,17.501700000000003
