Channel,Label,percentil 10th,percentile 50th,percentile 90th
Red,pla_nilre,115.9744,117.46799999999999,118.96159999999999
