Channel,Label,percentil 10th,percentile 50th,percentile 90th
Red,pe102_rhodb,27.6699,30.085499999999996,32.501099999999994
