Channel,Label,percentil 10th,percentile 50th,percentile 90th
Red,PETmono_rhodb,3.7765000000000004,4.0665000000000004,4.3565000000000005
