Channel,Label,percentil 10th,percentile 50th,percentile 90th
Red,PVC_nilre,37.148700000000005,41.343500000000006,45.53830000000001
