Channel,Label,percentil 10th,percentile 50th,percentile 90th
Red,PETp_nilre,242.14960000000002,247.12400000000002,252.09840000000003
