Channel,Label,percentil 10th,percentile 50th,percentile 90th
Red,pla_nilre,155.21779999999998,175.57299999999998,195.9282
