Channel,Label,percentil 10th,percentile 50th,percentile 90th
Red,PVC_nilre,33.898700000000005,36.837500000000006,39.776300000000006
