Channel,Label,percentil 10th,percentile 50th,percentile 90th
Red,PA6_nilre,3.6702999999999997,3.8954999999999997,4.120699999999999
