Channel,Label,percentil 10th,percentile 50th,percentile 90th
Red,pla_nilre,192.18030000000002,195.7975,199.41469999999998
