Channel,Label,percentil 10th,percentile 50th,percentile 90th
Red,pe102_fitc,0.07980000000000001,0.399,0.7182000000000001
