Channel,Label,percentil 10th,percentile 50th,percentile 90th
Red,PA_RhodB,128.6208,129.45999999999998,130.29919999999998
