Channel,Label,percentil 10th,percentile 50th,percentile 90th
Red,pe100_nilre,60.481700000000004,60.584500000000006,60.6873
