Channel,Label,percentil 10th,percentile 50th,percentile 90th
Red,PA_nilRe,19.265500000000003,71.0235,122.78150000000001
