Channel,Label,percentil 10th,percentile 50th,percentile 90th
Red,ps_nilre,250.75379999999998,251.58499999999998,252.4162
